Catalog#,Artist,Title,Label,Format,Rating,Released,release_id,CollectionFolder,Date Added,Collection Media Condition,Collection Sleeve Condition,Collection Notes
"PIASV 007 CD, 946.0007.128",Mogwai,My Father My King,"[PIAS] Recordings, [PIAS] Recordings, Rock Action Records, Rock Action Records","CD, EP, Single",,2001,527808,Uncategorized,07/12/2019 22:43,,,
12t030,Lost In Hildurness,Mount A,12 Tónar,"CD, Album",,2006,948733,Uncategorized,07/12/2019 22:11,,,
12K1032,Taylor Deupree + Kenneth Kirschner,Post_Piano 2,12k,"CD, Album, Ltd",,2005,464491,Uncategorized,20/12/2019 10:45,,,
12K1035,Sawako,Hum,12k,"CD, Album, Ltd",,2005,563530,Uncategorized,25/11/2019 00:07,,,
12K1040,Seaworthy,Map In Hand,12k,"CD, Album, RE, RM",,2006,828844,Uncategorized,25/11/2019 00:05,,,
12k1046,Christopher Willits + Ryuichi Sakamoto,Ocean Fire,12k,"CD, Album, Ltd, RE",,2008,1157333,Uncategorized,28/11/2019 23:23,,,
12K1048,Machinefabriek + Stephen Vitiello,Box Music,12k,"CD, Album",,2008,1351461,Uncategorized,01/12/2019 00:36,,,
12K1052,Lawrence English,A Colour For Autumn,12k,"CD, Album, Ltd",,2009,1698946,Uncategorized,25/12/2019 12:51,,,
CD13-04,Max Richter,The Blue Notebooks,130701,"CD, Album",,2004,245836,Uncategorized,12/09/2023 00:54,,,
CD1306P,Hauschka,Room To Expand,130701,"CD, Album, Promo",,2006,861305,Uncategorized,12/09/2023 01:24,,,
LP13-22,Ian William Craig,Centres,130701,"2xLP, Album",,2016,8724166,Uncategorized,23/11/2019 21:18,,,
LP13-32,Ian William Craig,Thresholder,130701,"LP, Album",,2018,12769115,Uncategorized,23/11/2019 21:15,,,
LP13-46,Ian William Craig,Music For Magnesium_173,130701,2xLP,,2022,24735608,Uncategorized,09/10/2022 04:43,,,
1703-3,Ellen Fullman & Okkyung Lee,The Air Around Her,1703 Skivbolaget,"LP, Ltd",,2019,12988685,Uncategorized,22/11/2019 17:40,,,
202020.01,Damon & Naomi,The Earth Is Blue,20|20|20,"CD, Album",,2005,535989,Uncategorized,25/11/2019 00:15,,,
2ND012,Giardini Di Mirò,Punk ... Not Diet!,2nd Rec,"CD, Album",,2003,195699,Uncategorized,07/12/2019 22:11,,,
CAD 2409CD,Blonde Redhead,Misery Is A Butterfly,4AD,"CD, Album, Dig",,2004,997211,Uncategorized,07/12/2019 22:43,,,
CAD 2609 CD,Jóhann Jóhannsson,"IBM 1401, A User's Manual",4AD,"CD, Album, Dig",,2006,803484,Uncategorized,12/09/2023 01:23,,,
CAD 3503,Holly Herndon,Platform,4AD,"2xLP, Album",,2015,7015065,Uncategorized,01/07/2021 14:47,,,
"CAD 3614, 652637361414",Tim Hecker,Love Streams,"4AD, 4AD","2xLP, Album",,2016,8356975,Uncategorized,02/11/2019 11:11,,,
52HZ001LP,Colin Stetson,Sorrow (A Reimagining Of Gorecki's 3rd Symphony),52Hz,"2xLP, Album, 180",,2016,8384784,Uncategorized,02/11/2019 11:19,,,
"52HZ002LPX, 52HZ002LP",Colin Stetson,All This I Do For Glory,"52Hz, 52Hz","LP, Album, Ltd, Whi",,2017,10199709,Uncategorized,26/03/2020 22:30,,,
8mm 051,Joe McPhee / Eli Keszler,Ithaca,8mm Records,"LP, Ltd",,2012,3501319,Uncategorized,22/11/2019 23:18,,,
6.02577E+11,Don Cherry,Don Cherry,"A&M Records, UMe","LP, Album, RE, Gat",,2019,13641218,Uncategorized,03/11/2019 10:59,,,
"AGO061, REV003",Murcof / Philippe Petit,First Chapter,"Aagoo Records, REV. Laboratories","LP, Album",,2013,4954305,Uncategorized,23/11/2019 18:54,,,
24,Joe McPhee - Dave Rempis - Tomeka Reid - Brandon Lopez (2) - Paal Nilssen-Love,Of Things Beyond Thule Vol. 1,Aerophonic Records,"LP, Album, Ltd",,2020,14673216,Uncategorized,19/03/2020 12:31,,,
CDB901/3,"Iron Maiden, Aerosmith, Guns N' Roses",From Rock'N'Roll To Heavy Metal,Alegra,"3xCD, Comp, Unofficial",,1994,7884881,Uncategorized,12/09/2023 01:20,,,
ALIENCD81,Aidan Baker · Tim Hecker,Fantasma Parastasie,Alien8 Recordings,"CD, Album",,2008,1507629,Uncategorized,07/12/2019 22:18,,,
AIN002,Northern Song Dynasty,Northern Song Dynasty,All Is Number Records,"CD, Album, RE",,2005,854167,Uncategorized,07/12/2019 22:05,,,
at178x4,"John Cage, Apartment House",Number Pieces,Another Timbre,4xCD + Box,,2021,20151679,Uncategorized,27/10/2021 12:50,,,
6632-2,Tom Waits,Alice,Anti-,"CD, Album, Dig",,2002,417316,Uncategorized,07/12/2019 22:55,,,
7838-1,Moor Mother,Black Encyclopedia Of The Air,Anti-,"LP, Album, Ltd, Pur",,2021,20699161,Uncategorized,31/10/2021 08:21,,,
7926-1,Moor Mother,Jazz Codes,Anti-,"LP, Album, Ltd, Gol",,2022,24003833,Uncategorized,27/09/2022 04:36,,,
Anticipate 007,Mark Templeton,Inland,Anticipate Recordings,"CD, Album",,2009,1817790,Uncategorized,28/11/2019 23:25,,,
Anticipate 009,Mark Templeton & Aaron Munson (2),Acre Loss,Anticipate Recordings,"CD, Album + DVD-V, D/Sided, NTSC, PAL",,2009,1660017,Uncategorized,25/12/2019 12:35,,,
"abr0050, N12",13 & God,13 & God,"Anticon, Alien Transistor","CD, Album",,2005,1157667,Uncategorized,12/09/2023 00:51,,,
AFRO 2065,Mohammad,Lamnè Gastama - 34ºN-42ºN/19ºE-29ºE Study Vol.2,Antifrost,"LP, Album, Ltd",,2014,6206637,Uncategorized,23/11/2019 18:54,,,
ARBOR 098,Outer Space (3),Outer Space,Arbor,"LP, Cle",,2010,2394616,Uncategorized,22/11/2019 18:06,,,
none,Akira Rabelais,À La Recherche Du Temps Perdu,Argeïphontes,"4xCD, Album, Ltd",,2021,21346792,Uncategorized,08/02/2023 04:57,,,
ABM22,Tamás Kátai,Erika Szobája,Ars Benevola Mater,"CD, Album, Ltd",,2006,983338,Uncategorized,12/09/2023 01:23,,,
asp3004,AGF + Sue Cie,Mini Movies,Asphodel,"CD, Album + DVD-V",,2006,652173,Uncategorized,12/09/2023 01:08,,,
AS 125,Chicago Underground Quartet,Good Days,Astral Spirits,"LP, Ltd, 180",,2020,15090711,Uncategorized,15/08/2020 12:43,,,
ACD 5037,Natasha Barrett,Kraftfelt,Aurora (5),"Album + DVD-A, Amb, Multichannel, 5.1 + CD, Rem",,2005,906231,Uncategorized,25/12/2019 12:51,,,
AVr 01,MAZK / Ogino Knauss,Equilibratura Elettronica,AV Recordings,DVD-V,,2005,568477,Uncategorized,25/12/2019 13:01,,,
bing 033,Landing,Seasons,Ba Da Bing!,"CD, Album",,2002,165402,Uncategorized,20/12/2019 10:41,,,
BING-137,Sarah Davachi,Gave In Rest,Ba Da Bing!,"LP, Album, Red",,2018,12422732,Uncategorized,31/10/2019 23:04,,,
BING048,Beirut,Gulag Orkestar,Ba Da Bing!,"CD, Album",,2006,5926298,Uncategorized,07/12/2019 23:18,,,
none,Blixa Bargeld,Rede / Speech,Bargeld Entertainment,"DVD, NTSC, PAL",,2006,844755,Uncategorized,25/12/2019 13:03,,,
HVALUR 2,Ben Frost,Theory Of Machines,Bedroom Community,"CD, Album",,0,2100899,Uncategorized,25/11/2019 00:08,,,
HVALUR1,Nico Muhly,Speaks Volumes,Bedroom Community,"CD, Album",,2007,13188419,Uncategorized,07/12/2019 22:16,,,
HVALUR3CD,Valgeir Sigurðsson,Ekvílibríum,Bedroom Community,"CD, Album",,2007,1058006,Uncategorized,01/12/2019 00:30,,,
"HVALUR6, HVALUR006CD",Ben Frost,By The Throat,"Bedroom Community, Bedroom Community","CD, Album",,2009,1976702,Uncategorized,07/12/2019 22:06,,,
"HVALUR20LP, STUMM368 ",Ben Frost,A U R O R A,"Bedroom Community, Mute","LP, Album",,2014,5718212,Uncategorized,02/11/2019 11:13,,,
BBQ 367CD,Tindersticks,Don't Even Go There,Beggars Banquet,"CD, EP",,2003,676865,Uncategorized,14/12/2019 17:52,,,
BBQ 372CD,Tindersticks,My Oblivion,Beggars Banquet,"CD, EP",,2003,1317677,Uncategorized,28/11/2019 23:21,,,
BBQCD 225,Tindersticks,Trouble Every Day (Original Soundtrack),Beggars Banquet,"CD, Album",,2001,436649,Uncategorized,20/12/2019 10:41,,,
bbqcd 232,Tindersticks,Waiting For The Moon,Beggars Banquet,"CD, Album, Dig",,2003,970825,Uncategorized,28/11/2019 23:30,,,
BBQDVD 239X,Tindersticks,Bareback (Nine Films By Martin Wallace),Beggars Banquet,DVD-V,,2005,654887,Uncategorized,25/12/2019 13:07,,,
SINS 1CD,Tindersticks,What Is A Man,Beggars Banquet,"CD, Single",,2000,745408,Uncategorized,14/12/2019 17:52,,,
BBQCD 215,Mark Lanegan,I'll Take Care Of You,"Beggars Banquet, Sub Pop","CD, Album",,1999,10248243,Uncategorized,02/08/2020 17:35,,,
BELLACD 92,Art Of Fighting,Second Storey,Bella Union,"CD, Album",,2005,568228,Uncategorized,07/12/2019 22:44,,,
ATONAL007,Mika Vainio,2.5082E+16,Berlin Atonal Recordings,"2xLP, Album, Ltd",,2020,17439628,Uncategorized,12/02/2022 23:36,,,
BINE 018CD,Scanner,"Rockets, Unto The Edges Of Edges",BineMusic,"CD, Album",,2009,1772971,Uncategorized,01/12/2019 00:31,,,
"bmr103, ECT ENTS 029",Foetus,Vein,"Birdman Records, Ectopic Ents","CD, Album, Enh",,2007,1073070,Uncategorized,12/09/2023 01:19,,,
BT01,Oren Ambarchi,Stacte.3,Black Truffle,"CD, Album, RE, RM",,2009,1655976,Uncategorized,01/12/2019 00:25,,,
BT046,Phew / Oren Ambarchi / Jim O'Rourke,Patience Soup,Black Truffle,LP,,2019,13469568,Uncategorized,23/11/2019 15:50,,,
BT083,Oren Ambarchi,Live Hubris,Black Truffle,"LP, Album, Ltd, Pin",,2021,21247897,Uncategorized,17/12/2021 10:59,,,
BLACKESTLP014,Raime,Tooth,Blackest Ever Black,"2x12"", Album, 180",,2016,8630107,Uncategorized,22/11/2019 15:30,,,
BF-024,Don Cherry,The Summer House Sessions,Blank Forms Editions,"LP, Album",,2021,20978656,Uncategorized,12/02/2022 12:24,,,
"BF-023, 023",Don Cherry's New Researches Featuring Naná Vasconcelos,Organic Music Theatre (Festival De Jazz De Chateauvallon 1972),"Blank Forms Editions, Blank Forms Editions, INA","2xLP, Album",,2021,21053551,Uncategorized,07/01/2022 14:00,,,
BFFP144CD,Labradford,Mi Media Naranja,Blast First,"CD, Album",,1997,30396,Uncategorized,28/11/2019 23:29,,,
12,Sarah Hennies,Embedded Environments,Blume,"LP, Album, Ltd, Oli",,2018,11732848,Uncategorized,22/11/2019 13:54,,,
13,Alvin Curran,Canti Illuminati,Blume,"LP, Album, RE, Whi",,2019,13258159,Uncategorized,23/11/2019 21:14,,,
SIDRA05LP,Oren Ambarchi & Robbie Avenaim,Dream Request,Bo'Weavil Recordings,"LP, Ltd",,2011,2938724,Uncategorized,12/08/2022 15:20,,,
BK12X1204,Kara-Lis Coverdale,Grafts,Boomkat Editions,"LP, Album, RE, Ext",,2020,15640835,Uncategorized,22/07/2020 11:55,,,
BKEDIT015COL,Akira Rabelais,Spellewauerynsherde,Boomkat Editions,"LP, Ltd, Cle",,2017,10686275,Uncategorized,22/11/2019 14:42,,,
BKEDIT021,Laura Cannell And Polly Wright,Sing As The Crow Flies,Boomkat Editions,"LP, Album, Cle",,2021,19155094,Uncategorized,08/02/2023 04:56,,,
BPC193CD,AGF/Delay,Symptoms,BPitch Control,"CD, Album",,2009,1677333,Uncategorized,24/11/2019 15:36,,,
HWY-010,Clogs,Lantern,Brassland,"CD, Album",,2006,2263171,Uncategorized,14/12/2019 17:57,,,
BB 340,Hans-Joachim Roedelius,Tape Archive Essence 1973-1978,Bureau B,"LP, Comp",,2020,15135005,Uncategorized,27/04/2020 13:30,,,
BB029,Cluster & Brian Eno,Cluster & Eno,Bureau B,"LP, Album, RE, RM",,2009,1966269,Uncategorized,12/11/2019 21:13,,,
0946 3 70946 2 4,Sparklehorse,Dreamt For Light Years In The Belly Of A Mountain,Capitol Records,"CD, Album, RE",,0,6391499,Uncategorized,07/12/2019 22:33,,,
CDP 7243 5 25616 2 9,Sparklehorse,It's A Wonderful Life,Capitol Records,"CD, Album, RP",,0,9868863,Uncategorized,07/12/2019 22:26,,,
CDP 7243 5 29684 2 8,Radiohead,Kid A (Book And Compact Disc),Capitol Records,"CD, Album",,2000,345422,Uncategorized,23/11/2019 20:23,,,
"0777 7 96508 2 8, CDEST 2196",Mazzy Star,She Hangs Brightly,"Capitol Records, Capitol Records","CD, Album, RP",,0,10074111,Uncategorized,07/12/2019 22:23,,,
"7243 8 27224 2 7, CDEST 2288",Mazzy Star,Among My Swan,"Capitol Records, Capitol Records","CD, Album, RP",,0,10074194,Uncategorized,07/12/2019 22:32,,,
7243 8 29842 2 1,Butthole Surfers,Electriclarryland,"Capitol Records, EMI Music Canada","CD, Album",,1996,1263203,Uncategorized,02/08/2020 17:34,,,
CAP 21836,Don Cherry,Live In Stockholm,Caprice Records,"2xLP, Album",,2013,5210884,Uncategorized,26/06/2021 03:42,,,
cak 31,Belong,October Language,Carpark Records,"CD, Album",,2006,617040,Uncategorized,12/09/2023 01:07,,,
CMEDD 1121,Comus,Song To Comus (The Complete Collection),Castle Music,"2xCD, Comp, RP",,0,8468631,Uncategorized,14/12/2019 17:55,,,
CH49,Tenniscoats,Live Wanderus,Chapter Music,"CD, Album",,2005,908900,Uncategorized,20/12/2019 10:45,,,
chem018cd,Mogwai,Young Team,Chemikal Underground,"CD, Album",,1997,6182492,Uncategorized,07/12/2019 22:45,,,
chem033cd,Mogwai,Come On Die Young,Chemikal Underground,"CD, Album",,0,8735277,Uncategorized,07/12/2019 22:37,,,
7243 879867 0 1,Starsailor,Alcoholic,Chrysalis,"CD, Maxi, Enh",,2001,1522181,Uncategorized,07/12/2019 22:23,,,
towerblock cd 021,Swod,Gehen,City Centre Offices,"CD, Album",,2004,317224,Uncategorized,25/12/2019 12:36,,,
Towerblock CD 041,Swod,Sekunden,City Centre Offices,"CD, Album, Enh, Promo",,2007,3003684,Uncategorized,25/12/2019 12:37,,,
SLANG 1042592,The Album Leaf,Into The Blue Again,City Slang,"CD, Album, Enh",,2006,767281,Uncategorized,12/09/2023 01:08,,,
SLANG 1047822P,Menomena,Friend And Foe,City Slang,"CD, Album",,2007,4307873,Uncategorized,12/09/2023 01:23,,,
"20184-2, 7243 812124 2 4",The Notwist,Neon Golden,"City Slang, Virgin","CD, Album",,2002,887683,Uncategorized,24/11/2019 15:37,,,
CLAP004,Encre,Flux,Clapping Music,"CD, Album",,2004,392329,Uncategorized,07/12/2019 22:23,,,
CSC 014,David Kristian + Ryosuke Aoike,Ghost Storeys,Cocosolidciti,"CD, Album + DVD-V, NTSC",,2006,871101,Uncategorized,07/12/2019 22:58,,,
CSR138CD,Machinefabriek,Vloed,Cold Spring,"CD, Album, RE",,2010,2561196,Uncategorized,20/12/2019 10:47,,,
CSR276LP,Coil,Stolen & Contaminated Songs,Cold Spring,"2xLP, Album, RE",,2019,14576658,Uncategorized,14/08/2020 08:21,,,
2J 054-70231,"Mikis Theodorakis, Γρηγόρης Μπιθικώτσης, Στέλιος Καζαντζίδης",Πολιτεία,Columbia,LP,,1976,2341614,Uncategorized,25/11/2019 12:33,,,
COL 465653 2,Midnight Oil,Blue Sky Mining,Columbia,"CD, Album, RE",,0,3758566,Uncategorized,07/12/2019 22:35,,,
MS 7207,Harry Partch,The World Of Harry Partch,Columbia Masterworks,"LP, Album",,1969,833758,Uncategorized,22/11/2019 18:05,,,
RZCM-45844,Ryuichi Sakamoto,Koko,Commmons,"CD, Single, Dig",,2008,1609801,Uncategorized,01/12/2019 00:08,,,
RZCM-46129,Ryuichi Sakamoto,Out Of Noise,Commmons,"CD, Album",,2009,3151107,Uncategorized,01/12/2019 00:08,,,
"HARD 22 CDX, 74321 48769 2",Death In Vegas,Dead Elvis,"Concrete, Deconstruction","CD, Album, RE",,1997,1223706,Uncategorized,12/09/2023 01:13,,,
CTITTTLP2017,Cosey Fanni Tutti,Time To Tell,Conspiracy International,"LP, Album, Dlx, RE, RM, Cle",,2017,11145265,Uncategorized,31/10/2019 23:09,,,
CORE021,Immense,Hidden Between Sleeves,Conspiracy Records (2),"CD, Album",,2004,1383772,Uncategorized,25/12/2019 12:47,,,
cst018-2,A Silver Mt. Zion,Born Into Trouble As The Sparks Fly Upward.,Constellation,"CD, Album",,2001,95247,Uncategorized,25/12/2019 12:34,,,
CST027-2,A Silver Mt. Zion,"This Is Our Punk-Rock, Thee Rusted Satellites Gather+Sing,",Constellation,"CD, Album",,2003,194902,Uncategorized,25/12/2019 12:34,,,
cst030-2,A Silver Mt. Zion,"The ""Pretty Little Lightning Paw"" E.P.",Constellation,"CD, EP",,2004,261626,Uncategorized,25/12/2019 12:41,,,
cst033-2,A Silver Mt. Zion,Horses In The Sky,Constellation,"CD, Album",,2005,430279,Uncategorized,25/12/2019 12:37,,,
CST063-2,A Silver Mt. Zion,Kollaps Tradixionales,Constellation,"CD, Album, Ltd",,2010,2173134,Uncategorized,25/12/2019 13:07,,,
CST113-1,Colin Stetson And Sarah Neufeld,Never Were The Way She Was,Constellation,"LP, Album, 180",,2015,6887839,Uncategorized,02/11/2019 11:19,,,
CFK018,Rebekka Karijord,Music For Film And Theatre,Control Freak Kitten Records,"CD, Album, Dig",,2014,5212995,Uncategorized,14/12/2019 17:54,,,
NIFE 010V,Current 93,"Baalstorm, Sing Omega",Coptic Cat,"LP, Album, Red",,2010,2296958,Uncategorized,22/11/2019 18:07,,,
CR03,Mika Vainio & Franck Vigroux,"Peau Froide, Léger Soleil",Cosmo Rhythmatic,"CD, Album",,2015,7613352,Uncategorized,08/02/2023 04:56,,,
CS007,Ollie Olsen,Simulated,Creative Space Records,"CD, Album",,2007,905002,Uncategorized,01/12/2019 00:16,,,
Crónica 027~2006,Stephan Mathieu & Janek Schaefer,Hidden Name,Crónica,"CD, Album",,2006,706326,Uncategorized,01/12/2019 00:36,,,
DAIS 103,Time Machines,Time Machines,Dais Records,"2xLP, Album, Ltd, RE, RM, RP, Yel",,2018,11538670,Uncategorized,14/08/2020 08:23,,,
DAIS 114,Coil Presents Black Light District,A Thousand Lights In A Darkened Room,Dais Records,"2xLP, Album, RE, RM",,2018,12707439,Uncategorized,12/09/2021 15:17,,,
dais155,Coil,Musick To Play In The Dark,Dais Records,"LP + LP, S/Sided, Etch + Album, Ltd, RE, RM, Cle",,2020,16286658,Uncategorized,01/12/2020 14:59,,,
dais184,Coil,Musick To Play In The Dark²,Dais Records,"LP + LP, S/Sided, Etch + Album, Ltd, RE, Bla",,2022,23038940,Uncategorized,02/05/2022 10:54,,,
DAIS186,Coil,Constant Shallowness Leads To Evil,Dais Records,"2xLP, Album, Ltd, RE, RM, Cle",,2022,24168164,Uncategorized,27/09/2022 04:36,,,
DWR009,Oren Ambarchi / Eli Keszler,Alps,Dancing Wayang,"LP, Ltd, Num",,2014,5996479,Uncategorized,23/11/2019 15:41,,,
drl 027-2,Windy & Carl,"Antarctica (The Bliss Out, Vol. 2)",Darla Records,"CD, Album",,1997,13609629,Uncategorized,28/11/2019 23:30,,,
DRL248-1,Harold Budd,In The Mist,Darla Records,"2xLP, Album, Ltd",,2012,3743759,Uncategorized,31/10/2019 22:58,,,
DEATH039LP,No Artist,"London Pirate Radio Adverts 1984-1993, Vol. 1",Death Is Not The End,"LP, Comp, Cle",,2021,21340384,Uncategorized,17/12/2021 10:58,,,
2717098,Ryuichi Sakamoto,Playing The Piano / Out Of Noise,Decca,"CD, Comp + CD, Album",,2009,12829502,Uncategorized,23/11/2019 10:55,,,
"485 5915, 4855915",Ludovico Einaudi,Cinema,"Decca, Decca","2xLP, Album, Comp",,2021,19017871,Uncategorized,24/08/2021 17:59,,,
"74321 661992, HARD41CD",Death In Vegas,The Contino Sessions,"Deconstruction, Concrete","CD, Album, Enh, Sli",,1999,864793,Uncategorized,12/09/2023 01:13,,,
Dekorder 026,Daniel Padden,Pause For The Jet,Dekorder,LP,,2008,1442769,Uncategorized,23/11/2019 21:21,,,
den109,Aun (2),Phantom Ghost,Denovali Records,"LP, Album, Ltd",,2011,4001414,Uncategorized,23/11/2019 21:24,,,
DEN157,The Alvaret Ensemble,The Alvaret Ensemble,Denovali Records,"LP, Whi + LP + Album, Ltd",,2012,4163421,Uncategorized,23/11/2019 15:45,,,
den215,Thomas Köner,Tiento De Las Nieves,Denovali Records,"2x12"", Album, Ltd, Whi",,2014,6394778,Uncategorized,22/11/2019 23:24,,,
0289 479 9842 6,Jóhann Jóhannsson,Englabörn & Variations,Deutsche Grammophon,"LP, Album, RE, RM, 180 + LP, 180 + Gat",,2018,11750094,Uncategorized,03/11/2019 10:50,,,
479 6968,Arvo Pärt - Gil Shaham / Adele Anthony / Göteborgs Symfoniker / Neeme Järvi,"Tabula Rasa, Fratres, Symphony No. 3",Deutsche Grammophon,"LP, Album",,2017,9901452,Uncategorized,23/11/2019 21:19,,,
DIGIV020,Carousell,Black Swallow & Other Songs,Digitalis Recordings,"LP, Album, Ltd, Cle",,2011,2801442,Uncategorized,22/11/2019 15:26,,,
DGMLP1,Fripp & Eno,(No Pussyfooting),"Discipline Global Mobile, Opal Records","LP, Album, RE, Gat",,2014,5599171,Uncategorized,03/11/2019 11:01,,,
DOL709MB,John Coltrane,Blue Train ,DOL,"LP, Album, RE, Blu",,2016,8635682,Uncategorized,14/02/2020 09:36,,,
REWIGCD 29,The Third Eye Foundation,Collected Works: Ghost / You Guys Kill Me / Little Lost Soul,Domino,"3xCD, Album, Comp",,2006,848010,Uncategorized,12/09/2023 01:09,,,
wigCD126,Four Tet,Rounds,Domino,"CD, Album",,2003,843752,Uncategorized,07/12/2019 22:19,,,
WIGCD76,Smog,Dongs Of Sevotion,Domino,"CD, Album",,2000,234538,Uncategorized,01/12/2019 00:22,,,
wigCD79,Movietone,The Blossom Filled Streets,Domino,"CD, Album",,2000,537771,Uncategorized,07/12/2019 23:06,,,
WIGCD99,Smog,Rain On Lens,Domino,"CD, Album",,2001,717407,Uncategorized,20/12/2019 10:41,,,
"wigcd131, wiglp131",Movietone,The Sand And The Stars,"Domino, Domino","CD, Album",,2003,594612,Uncategorized,07/12/2019 22:59,,,
"WIGCD196, WIG1CD96",Fridge,The Sun,"Domino, Domino","CD, Album",,2007,1636257,Uncategorized,25/12/2019 12:53,,,
"WIGLP389, WIGLP389X, WIGLP389X-CD",Shirley Collins,Lodestar,"Domino, Domino, Domino","LP, Album, Dlx, Ltd, Hea + CD, Album",,2016,9298463,Uncategorized,22/11/2019 16:26,,,
DG-121,Moor Mother,Fetish Bones,Don Giovanni Records,"LP, Album",,2016,9221679,Uncategorized,22/11/2019 15:00,,,
DG-197,Moor Mother,Circuit City,Don Giovanni Records,"LP, Album, Ltd, Ora",,2021,17270386,Uncategorized,18/02/2021 02:10,,,
DOZ401,Pierre Schaeffer & Pierre Henry / Pierre Henry,Symphonie Pour Un Homme Seul / Concerto Des Ambiguïtés,Doxy,"LP, Album, RE, Vir",,2009,1841591,Uncategorized,22/11/2019 18:13,,,
"DOZ424, DOZ424 LP",Pierre Henry,Le Voyage,"Doxy, Doxy","LP, RE",,2013,4701579,Uncategorized,22/11/2019 23:18,,,
DC249CD,Ghost (2),Hypnotic Underworld,Drag City,"CD, Album",,2004,894388,Uncategorized,28/11/2019 23:29,,,
DC390CD,Joanna Newsom,Have One On Me,Drag City,"3xCD, Album + Box",,2010,2148029,Uncategorized,08/12/2019 15:37,,,
DC691,Circuit Des Yeux,Reaching For Indigo ,Drag City,"LP, Album",,2017,11033942,Uncategorized,22/11/2019 23:34,,,
DC853,Oren Ambarchi,Shebang,Drag City,"LP, Album",,2022,24675032,Uncategorized,08/10/2022 11:01,,,
Durtrousa 001,Current 93,Soft Black Stars,Durtro,"CD, Album, RE",,2005,615755,Uncategorized,25/11/2019 00:15,,,
ECL-036,Marissa Nadler,Ballads Of Living And Dying,Eclipse Records (3),"CD, Album",,2004,705657,Uncategorized,12/09/2023 01:16,,,
ECL-044,Marissa Nadler,The Saga Of Mayflower May,Eclipse Records (3),"CD, Album",,2005,603644,Uncategorized,12/09/2023 01:15,,,
"ECM 1675, 547 949-2",Keith Jarrett,"The Melody At Night, With You","ECM Records, ECM Records","CD, Album, RE, RP",,0,22138798,Uncategorized,12/09/2023 01:24,,,
"ECM 1684, 314 543 159-2","Ketil Bjørnstad, David Darling",Epigraphs,"ECM Records, ECM Records","CD, Album",,2000,6723190,Uncategorized,07/12/2019 23:05,,,
"ECM 2086, 178 0116",Arve Henriksen,Cartography,"ECM Records, ECM Records","CD, Album",,2008,1540735,Uncategorized,24/11/2019 18:48,,,
"ECM 2589, 770 5563","Andrew Cyrille, Wadada Leo Smith, Bill Frisell",Lebroba,"ECM Records, ECM Records","LP, Album",,2018,12873573,Uncategorized,24/08/2021 17:57,,,
ELP050,Maxwell Sterling,Laced With Rumour: Loud-Speaker Of Truth,Ecstatic,"LP, Album, Sil",,2020,15243199,Uncategorized,12/05/2020 10:53,,,
EG01,Pat Thomas & XT (2),"""Akisakila"" / Attitudes​ ​Of Preparation (Mountains, Oceans, Trees) ",Edition Gamut,"2xLP, Album, Ltd",,2022,24433430,Uncategorized,16/10/2022 03:53,,,
Editions Mego 035,Fennesz,Endless Summer,Editions Mego,"CD, Album, RE, RM",,2006,864388,Uncategorized,25/12/2019 12:50,,,
EDITIONS mego 227,Oren Ambarchi,Hubris,Editions Mego,"LP, Album",,2016,9225304,Uncategorized,22/11/2019 23:40,,,
eMEGO 082,Marcus Schmickler,Altars Of Science,Editions Mego,"Hybrid, DVDplus, Album",,2007,1118094,Uncategorized,20/12/2019 10:49,,,
eMEGO 087,Angel (3),Kalmukia,Editions Mego,"CD, Album",,2008,1237596,Uncategorized,25/12/2019 12:54,,,
eMEGO 093,Angel (3),Hedonism,Editions Mego,"CD, Album",,2008,1556819,Uncategorized,25/11/2019 00:12,,,
EMEGO 239,UUUU (2),UUUU,Editions Mego,2xLP,,2017,10968446,Uncategorized,22/11/2019 17:38,,,
EMEGO 245,CoH,CoHgs,Editions Mego,"LP, Comp, RM",,2017,11102449,Uncategorized,22/11/2019 23:33,,,
EMEGO 259,Caterina Barbieri (2),Ecstatic Computation,Editions Mego,"LP, Album",,2019,13532945,Uncategorized,22/11/2019 23:38,,,
EMEGO 264,Oren Ambarchi,Simian Angel,Editions Mego,"LP, Album",,2019,13762726,Uncategorized,03/11/2019 11:00,,,
EMEGO 279,Caterina Barbieri (2),Fantas Variations,Editions Mego,"2xLP, Album",,2021,18796819,Uncategorized,02/07/2021 06:01,,,
eMego 3154,Fenn O'Berg,Magic & Return,Editions Mego,"2xCD, Comp, RM",,2009,1852961,Uncategorized,07/12/2019 22:15,,,
7559-61913-2,Nada Surf,High/Low,Elektra,"CD, Album",,1996,1148164,Uncategorized,07/12/2019 22:47,,,
7243 8 34019 2 5,Deep Purple,In Rock,EMI,"CD, Album, RE, RM, Ann",,1995,16045290,Uncategorized,12/09/2023 01:19,,,
CDP 7 46242 2,Deep Purple,Machine Head,EMI (2),"CD, Album, Unofficial",,0,13889433,Uncategorized,12/09/2023 01:21,,,
"CDS 7 46036 8, 7243 8 31243 2 9",Pink Floyd,The Wall,"EMI United Kingdom, EMI United Kingdom","2xCD, Album, RE",,1994,15297886,Uncategorized,02/08/2020 18:34,,,
"00946 338462 2 7, CD - 338462 2",Sigur Rós,Takk...,"EMI, EMI","CD, Album, Ltd, Dig",,2005,522721,Uncategorized,07/12/2019 23:21,,,
"50999 5 10419 9 1, 510 4199",Sigur Rós,Heima,"EMI, EMI","2xDVD-V, Multichannel, PAL + Box, Ltd, S/Edition",,2007,1239540,Uncategorized,25/12/2019 13:08,,,
"5099950256624, 5025662",Sigur Rós,Hvarf - Heim,"EMI, EMI","2xCD, Album, Dig",,2007,13127065,Uncategorized,07/12/2019 23:08,,,
"591 711 2, 5917112",John Cale,Hobo Sapiens,"EMI, EMI","CD, Album",,2003,625428,Uncategorized,07/12/2019 22:42,,,
"CDEM 673, 0946 3 41757 2 2",Sigur Rós,Hoppípolla,"EMI, EMI","CD, Single",,2005,575702,Uncategorized,07/12/2019 22:52,,,
"CDEM 687, 0946 3 63100 2 2",Sigur Rós,Sæglópur,"EMI, EMI","CD, EP + DVD-V, PAL, Reg",,2006,726773,Uncategorized,07/12/2019 23:02,,,
"EMC 3006, OC 062 o 94 519",Queen,Queen,"EMI, EMI","LP, Album",,1973,847206,Uncategorized,22/11/2019 18:04,,,
"50999 5 10418 9 2, 5099951041892, 510 4189",Sigur Rós,Heima,"EMI, EMI, EMI","2xDVD, PAL, DTS",,2007,1138887,Uncategorized,07/12/2019 23:01,,,
EE001,Eli Keszler,Last Signs Of Speed,Empty Editions,"2x12"", Album",,2016,9370389,Uncategorized,22/11/2019 23:30,,,
E2K 67486,Various,Home Alive -  The Art Of Self Defense,Epic,"2xCD, Comp",,1996,593350,Uncategorized,02/08/2020 17:35,,,
"483980 2, EPC 483980 2",Screaming Trees,Dust,"Epic, Epic","CD, Album",,1996,2309394,Uncategorized,07/12/2019 23:18,,,
eratp 146lp,Hans-Joachim Roedelius & Tim Story,4 Hands,Erased Tapes Records,"LP, Album, Ltd, Cle",,2022,22425952,Uncategorized,21/09/2022 07:53,,,
ERATP056LP,A Winged Victory For The Sullen,Atomos VII,Erased Tapes Records,"12""",,2014,5643951,Uncategorized,22/11/2019 13:58,,,
ERATP123LP,The Art Ensemble Of Chicago,We Are On The Edge (A 50th Anniversary Celebration),Erased Tapes Records,"2xLP, Album, Gat",,2019,13957591,Uncategorized,03/11/2019 11:02,,,
"eratp065lp, ERATP065LP",Nils Frahm,Solo,"Erased Tapes Records, Erased Tapes Records","LP, Album",,2015,6870085,Uncategorized,23/11/2019 21:20,,,
4061,Eli Keszler,Oxtirn,ESP Disk,"LP, Ltd",,2010,2555570,Uncategorized,23/11/2019 21:26,,,
"EVER11CD, Ever11CD",Amiina,Kurr,"Ever Records, Ever Records","CD, Album",,2007,1015158,Uncategorized,07/12/2019 23:20,,,
F-8431,Vince Guaraldi Trio,A Charlie Brown Christmas ,Fantasy,"LP, Album, Ltd, Pic, RE, Gol",,2022,24497939,Uncategorized,28/12/2022 03:01,,,
FATCD06,Immense,Evil Ones And Zeroes,FatCat Records,"CD, Album",,1999,166994,Uncategorized,25/12/2019 12:31,,,
fatcd11,Sigur Rós,Ágætis Byrjun,FatCat Records,"CD, Album, RE, Dig",,0,3035062,Uncategorized,01/12/2019 00:23,,,
FATCD28,HiM,Many In High Places Are Not Well,FatCat Records,"CD, Album",,2003,4442302,Uncategorized,07/12/2019 23:00,,,
FATOST-CD01,Hilmar Örn Hilmarsson & Sigur Rós,Angels Of The Universe,FatCat Records,"CD, Album, Car",,2001,115878,Uncategorized,07/12/2019 22:03,,,
"dvd10fat02, 946.0102.178",Sigur Rós,Untitled #1 (Vaka),"FatCat Records, [PIAS] Recordings","CD, Single, Bla + DVD-V + Dig",,2003,201724,Uncategorized,07/12/2019 22:54,,,
"fatcd22, piasv122cd, 946.0122.020",Sigur Rós,( ),"FatCat Records, [PIAS] Recordings, [PIAS] Recordings","CD, Album",,2002,6345225,Uncategorized,07/12/2019 22:52,,,
"CDFAT039, cdfat039",Sigur Rós,Ný Batterí,"FatCat Records, FatCat Records","CD, Single, Car",,2000,80388,Uncategorized,07/12/2019 23:08,,,
BLAZECD139,Bark Psychosis,400 Winters EP,Fire Records,"CD, EP, Ltd",,2005,516905,Uncategorized,07/12/2019 23:09,,,
FIRECD90,Bark Psychosis,Codename: Dustsucker,Fire Records,"CD, Album",,2004,330239,Uncategorized,07/12/2019 23:09,,,
FR-17,Es,A Love Cycle,Fonal Records,"CD, Album, RE",,2006,928001,Uncategorized,25/12/2019 12:52,,,
FR-36,Islaja,Palaa Aurinkoon,Fonal Records,"CD, Album",,2005,554782,Uncategorized,12/09/2023 01:30,,,
GR 2013,Various,Historische Aufnahmen - Historical Recordings 1,Gagarin Records,"LP, Comp",,2011,2802590,Uncategorized,22/11/2019 23:32,,,
GATE001,Kara-Lis Coverdale,A 480,Gate (6),"LP, Album, Ltd, RE, Whi",,2021,16893399,Uncategorized,12/02/2022 12:25,,,
"GATE002, GATE 002",Kara-Lis Coverdale,Aftertouches,"Gate (6), Gate (6)","LP, Album, Ltd, RE, Cle",,2020,16340463,Uncategorized,03/01/2021 13:19,,,
B0002158-22,Sigur Rós,Ba Ba Ti Ki Di Do,Geffen Records,"CD, EP",,2004,722178,Uncategorized,07/12/2019 23:08,,,
GEF 24536,Nirvana,In Utero,Geffen Records,"LP, Album",,1993,1645681,Uncategorized,01/08/2020 12:11,Good Plus (G+),Good Plus (G+),
"GEF 24425, GEF 24425-8, GEF 24 425, DGC 24425, DGC",Nirvana,Nevermind,"Geffen Records, Geffen Records, Geffen Records, DGC, DGC, Sub Pop","LP, Album",,1991,8015420,Uncategorized,01/08/2020 12:12,Good Plus (G+),Good Plus (G+),
GI-18,Twine,Twine,Ghostly International,"CD, Album, Enh",,2003,198712,Uncategorized,12/09/2023 00:59,,,
GI-390,Mary Lattimore,Collected Pieces: 2015–2020,Ghostly International,"2xLP, Comp, Ltd, Gol",,2022,21402460,Uncategorized,13/07/2022 07:25,,,
GRCD 499,Midnight Choir,Unsung Heroine,Glitterhouse Records,"CD, Album",,2000,1387622,Uncategorized,07/12/2019 22:32,,,
GRCD 573,Midnight Choir,Waiting For The Bricks To Fall,Glitterhouse Records,"CD, Album",,2003,1387629,Uncategorized,07/12/2019 22:32,,,
066574-2,Beth Gibbons & Rustin Man,Out Of Season,Go! Beat,"CD, Album",,2002,13697860,Uncategorized,07/12/2019 23:18,,,
547805-2.,Arab Strap,Elephant Shoe,Go! Beat,"CD, Album",,1999,8558767,Uncategorized,07/12/2019 22:36,,,
559 424-2,Portishead,Roseland NYC Live,Go! Beat,"CD, Album, RE, RP",,1999,6934008,Uncategorized,07/12/2019 23:19,,,
7243 8 59110 2 6,Various,Tibetan Freedom Concert,"Grand Royal, Capitol Records","2xCD + CD, Enh",,1997,2318311,Uncategorized,30/07/2020 22:32,,,
LPGRON78,Harmonia,Live 1974,Grönland Records,"LP, Album, FK ",,2007,1125574,Uncategorized,19/09/2022 04:26,,,
"LPGRONIII, 5065001040757",Neu!,Neu! '75,"Grönland Records, Grönland Records","LP, Album, RE",,0,10955585,Uncategorized,19/09/2022 04:25,,,
HG1803,Kali Malone,Cast Of Mind,Hallow Ground,"LP, Album, Ltd, RE, Whi",,2019,13682958,Uncategorized,24/07/2020 12:15,,,
H.26,3/4HadBeenEliminated,A Year Of The Aural Gauge Operation,Häpna,"CD, Album",,2005,727931,Uncategorized,28/11/2019 23:27,,,
H.29,Andrea Belfi,Between Neck & Stomach,Häpna,"CD, Album",,2006,806558,Uncategorized,28/11/2019 23:28,,,
H.55,Oren Ambarchi & Johan Berthling,Tongue Tied,Häpna,"LP, Album + CD, Album",,2015,7842078,Uncategorized,23/11/2019 15:40,,,
hatOLOGY 672,Polwechsel & John Tilbury,Field,hatOLOGY,"CD, Album",,2009,1894474,Uncategorized,20/12/2019 10:48,,,
HEFTY 059,radicalfashion,Odori,Hefty Records,"CD, Album",,2007,889544,Uncategorized,12/09/2023 00:55,,,
HAFTW008,The Caretaker,An Empty Bliss Beyond This World,History Always Favours The Winners,"CD, Album, RE, RP",,2019,14008727,Uncategorized,07/05/2021 06:16,,,
HAFTW013-LP,The Caretaker,Patience (After Sebald),History Always Favours The Winners,"LP, Album",,2012,3355859,Uncategorized,10/04/2021 06:01,,,
HAFTW026-LP,The Caretaker,Everywhere At The End Of Time - Stage 2,History Always Favours The Winners,"LP, Album",,2017,10094003,Uncategorized,18/02/2021 07:54,,,
HAFTW027-LP,The Caretaker,Everywhere At The End Of Time - Stage 3,History Always Favours The Winners,"LP, Album",,2017,10924527,Uncategorized,18/02/2021 07:56,,,
HAFTW028-LP,The Caretaker,Everywhere At The End Of Time - Stage 4,History Always Favours The Winners,"2xLP, Album, Ltd",,2018,11823437,Uncategorized,29/05/2021 02:49,,,
HAFTW029,The Caretaker,Everywhere At The End Of Time - Stage 5,History Always Favours The Winners,"2xLP, Album, Ltd",,2018,12551815,Uncategorized,29/05/2021 02:50,,,
LIFT 071,Sigmatropic,Sixteen Haiku & Other Stories,Hitch-Hyke Records,"CD, Album, Enh + CD, Ltd",,2003,653616,Uncategorized,12/09/2023 01:05,,,
51962,Cloudland Canyon / Lichens,Exterminating Angel,Holy Mountain,"CD, Album",,2007,1191742,Uncategorized,12/09/2023 01:28,,,
21852,Six Organs Of Admittance,For Octavio Paz,Holy Mountain,"CD, Album",,2004,467418,Uncategorized,12/09/2023 00:52,,,
HJRLP106,Moondog (2),More Moondog,Honest Jon's Records,"LP, Album, RE, RM",,2009,1741524,Uncategorized,12/11/2019 21:12,,,
HOS-485,Dedekind Cut,American Zen,Hospital Productions,"2x12"", EP, Ltd, Cle",,2017,10226661,Uncategorized,02/11/2019 11:23,,,
HDB100,Burial,Young Death / Nightmarket,Hyperdub,"12""",,2016,9412422,Uncategorized,12/11/2019 21:12,,,
ida027,Matt Elliott,Drinking Songs,Ici D'Ailleurs,"CD, Album",,2005,5635019,Uncategorized,07/12/2019 22:45,,,
IDA060,This Immortal Coil,The Dark Age Of Love,Ici d'ailleurs,"CD, Album",,2009,5440169,Uncategorized,12/09/2023 00:57,,,
"IDA030, reverb 78, none",Yann Tiersen & Shannon Wright,Yann Tiersen & Shannon Wright,"Ici D'Ailleurs, Vicious Circle (2), Discograph","CD, Dig",,2004,5261424,Uncategorized,07/12/2019 22:39,,,
iDEAL048,Aleph-1,Aleph-1,iDEAL Recordings,"CD, Album",,2007,1201371,Uncategorized,01/12/2019 00:28,,,
iDEAL192,Kali Malone,The Sacrificial Code,iDEAL Recordings,"2xLP, Album",,2019,13826331,Uncategorized,14/02/2020 11:32,,,
SOMA025,The Necks,Unfold,Ideologic Organ,"2xLP, Album",,2017,9759017,Uncategorized,23/11/2019 18:32,,,
SOMA050,Kali Malone Featuring Stephen O'Malley & Lucy Railton,Does Spring Hide Its Joy,Ideologic Organ,"3xLP, Album",,2023,25784089,Uncategorized,30/03/2023 11:16,,,
SOMA052,"Chris Abrahams, Oren Ambarchi, Robbie Avenaim",Placelessness,Ideologic Organ,LP,,2023,28227799,Uncategorized,02/11/2023 09:47,,,
ITE 001,Slow Six,Private Times In Public Places,If.Then.Else Records,"CD, Album",,2004,820204,Uncategorized,01/12/2019 00:29,,,
ICM 06,Robert Henke,Layering Buddha,Imbalance Computer Music,"CD, Album",,2006,812408,Uncategorized,01/12/2019 00:11,,,
Immune 010,Rafael Anton Irisarri,Reverie,Immune,"LP, MiniAlbum, Ltd, Cle",,2010,2218962,Uncategorized,22/11/2019 23:31,,,
imprec045,Piano Magic,Open Cast Heart EP,Important Records (2),"CD, EP",,2005,619004,Uncategorized,07/12/2019 22:40,,,
IMPREC129,Larsen And Various,ABECEDA,Important Records (2),"CD, Album + DVD-V, NTSC",,2007,1081220,Uncategorized,28/11/2019 23:29,,,
imprec228,Anahita,Matricaria,Important Records (2),"CD, Album",,2009,1772997,Uncategorized,12/09/2023 01:02,,,
"IMPREC227, DCA26361",Strings Of Consciousness & Angel (3),Strings Of Consciousness & Angel,"Important Records (2), DCA (3)","CD, Album",,2009,1624124,Uncategorized,25/11/2019 00:12,,,
6.02436E+11,Sons Of Kemet,Black To The Future,Impulse!,"2xLP, Album",,2021,18665626,Uncategorized,29/05/2021 02:50,,,
6.02456E+11,Irreversible Entanglements,Protect Your Light,Impulse!,LP,,2023,28184356,Uncategorized,20/10/2023 03:18,,,
B0027970-01,Sons Of Kemet,Your Queen Is A Reptile,"Impulse!, Verve Records","2xLP, Album",,2018,11770803,Uncategorized,02/11/2019 11:20,,,
IP025,Saåad,Verdaillon,In Paradisum,"LP, Album",,2016,8988571,Uncategorized,22/11/2019 16:43,,,
INFECT65CD,The Paradise Motel,Flight Paths,Infectious Records,"CD, Album",,1998,2240631,Uncategorized,07/12/2019 23:03,,,
IF-102LP,Coil,Sara Dale's Sensual Massage,Infinite Fog Productions,"2xLP, Album, Ltd",,2020,15926060,Uncategorized,25/08/2021 19:04,,,
IF-108LP,Coil,The New Backwards,Infinite Fog Productions,"3xLP, Album, Ltd, RE, Whi",,2022,22649384,Uncategorized,21/09/2022 07:55,,,
IF-111LP,Coil,The Ape Of Naples,Infinite Fog Productions,"3xLP, Album, Ltd, RE, Whi",,2022,25196758,Uncategorized,01/02/2023 11:55,,,
IF104LP,Coil,Love's Secret Domain,Infinite Fog Productions,"3xLP, Album, Dlx, RE, RM, Gol",,2021,18588718,Uncategorized,02/07/2021 06:00,,,
CLASSIC047LP,Innercity Ensemble,III ,Instant Classic,"LP, Album",,2016,10941045,Uncategorized,22/11/2019 23:28,,,
Intakt CD 120,Sylvie Courvoisier,Lonelyville,Intakt Records,"CD, Album",,2007,1757701,Uncategorized,25/11/2019 00:17,,,
IMRC0061,Angel Bat Dawid,Requiem For Jazz,Intergalactic Mantra Recording Co.,"2xLP, Album, Ltd, M/Print, Pur",,2023,26522912,Uncategorized,25/03/2023 11:02,,,
"IMRC 0037, IMRC0037",Angel Bat Dawid & Tha Brothahood,Live,"Intergalactic Mantra Recording Co., Intergalactic Mantra Recording Co., Rundfunk Berlin-Brandenburg, !K7 Records","2xLP, Album, Ltd, Red",,2021,17868796,Uncategorized,19/04/2021 23:58,,,
IARC0025,Damon Locks Black Monument Ensemble,Where Future Unfolds,International Anthem Recording Company,"LP, Album",,2019,13814931,Uncategorized,06/02/2020 15:10,,,
IARC0028,Junius Paul,Ism,International Anthem Recording Company,"2xLP, Album",,2019,14432366,Uncategorized,14/02/2020 11:36,,,
IARC0039,Damon Locks Black Monument Ensemble,Now,International Anthem Recording Company,"LP, Album, Cri",,2021,19249390,Uncategorized,17/08/2021 23:33,,,
IARC0041 ,Jaimie Branch,Fly Or Die Live,International Anthem Recording Company,"2xLP, Ltd, Bro",,2021,20553568,Uncategorized,13/11/2021 06:11,,,
IARC0066,Jaimie Branch,Fly Or Die Fly Or Die Fly Or Die ((World War)),International Anthem Recording Company,"LP, Album, Ltd, Gre",,2023,28081618,Uncategorized,02/11/2023 09:47,,,
IMRC 0032,Angel Bat Dawid,Transition East,International Anthem Recording Company,"7"", Single, Ltd, Out",,2020,15522128,Uncategorized,10/07/2020 19:27,,,
IMRC0023,Angel Bat Dawid,The Oracle,International Anthem Recording Company,"LP, Album, Ltd, Cry",,2019,14217380,Uncategorized,22/11/2019 18:01,,,
"IARC 0049, DG-252",Irreversible Entanglements,Open The Gates,"International Anthem Recording Company, Don Giovanni Records","2xLP, Album",,2021,20978035,Uncategorized,15/12/2021 13:47,,,
"IARC0014, DG-157",Irreversible Entanglements,Irreversible Entanglements,"International Anthem Recording Company, Don Giovanni Records","LP, Album",,2017,11242590,Uncategorized,03/11/2019 10:51,,,
"IARC0031, DG-202",Irreversible Entanglements,Who Sent You?,"International Anthem Recording Company, Don Giovanni Records","LP, Ltd, Mar",,2020,14846994,Uncategorized,03/03/2020 15:13,,,
"IARC 0011, IARC0011",Jaimie Branch,Fly Or Die,"International Anthem Recording Company, International Anthem Recording Company","LP, Album",,2017,10212529,Uncategorized,04/05/2018 12:29,Mint (M),Mint (M),
"IARC 0027, IARC0027",Jaimie Branch,Fly Or Die II: Bird Dogs Of Paradise,"International Anthem Recording Company, International Anthem Recording Company","LP, Album, Ltd, Psy",,2019,14315348,Uncategorized,22/11/2019 18:01,,,
"IARC 0034, IARC0034",Anteloper,Tour Beats Vol. 1,"International Anthem Recording Company, International Anthem Recording Company","12"", Red",,2020,15988606,Uncategorized,06/11/2020 23:42,,,
INTR 017,aMute,The Sea Horse Limbo,Intr_version Records,"CD, Album",,2006,836964,Uncategorized,01/12/2019 00:26,,,
1793179,Portishead,Magic Doors,Island Records,"12"", S/Sided, Etch",,2008,1570666,Uncategorized,31/10/2019 23:13,,,
981 687-8,Tindersticks,Working For The Man,Island Records,"2xCD, Comp, Ltd, Sli",,2004,580891,Uncategorized,28/11/2019 23:22,,,
981 688-1,Tindersticks,Tindersticks,Island Records,"CD, Album, RE, RM + CD, RM",,2004,1386318,Uncategorized,28/11/2019 23:19,,,
981 688-4,Tindersticks,Tindersticks,Island Records,"2xCD, Album, RE, RM",,2004,1510729,Uncategorized,28/11/2019 23:28,,,
981 689-0,Tindersticks,Nénette Et Boni,Island Records,"CD, Album, RE + CD, Comp, RE + Comp",,2004,2469945,Uncategorized,25/12/2019 12:38,,,
981 689-3,Tindersticks,Simple Pleasure,Island Records,"CD, Album + CD, Comp + RE, RM",,2004,1510739,Uncategorized,28/11/2019 23:18,,,
B0018490-01,Nick Drake,Five Leaves Left,Island Records,"LP, Album, RE, RM, URP",,2013,13942315,Uncategorized,14/02/2020 11:34,,,
"CID 756, 562 307-2",Tindersticks,Can We Start Again?,"Island Records, Island Records","CD, Single, CD1",,1999,1198498,Uncategorized,28/11/2019 23:28,,,
"CID 760, 562 499-2",dEUS,The Ideal Crash,"Island Records, Island Records","CD, EP",,1999,1437252,Uncategorized,07/12/2019 23:16,,,
"CID 8074, 524 588-2",Tindersticks,Donkeys 92 - 97,"Island Records, Island Records","CD, Comp",,1998,6124410,Uncategorized,14/12/2019 17:52,,,
"CIDX756, 562 308-2",Tindersticks,Can We Start Again?,"Island Records, Island Records","CD, Single, CD2",,1999,1648624,Uncategorized,25/12/2019 12:43,,,
9849276,Tindersticks,BBC Sessions,"Island Records, Universal Music Catalogue, BBC","2xCD, Album, Comp",,2007,1152597,Uncategorized,20/12/2019 10:40,,,
"jw10001, Jazzwerkstatt 10001","Peter Brötzmann, Marino Pliakas, Michael Wertmüller : Full Blast (2)",Full Blast,"Jazzwerkstatt, Jazzwerkstatt","LP, Album, RE, Gat",,2013,4771337,Uncategorized,02/11/2019 11:14,,,
TWA39CD,Seaworthy (2),The Ride,Jetset Records,"CD, Album",,2002,2672998,Uncategorized,25/12/2019 12:36,,,
KLCD057,Port-Royal,Dying In Time,Klik Records,"CD, Album, Ltd",,2009,2938670,Uncategorized,20/12/2019 10:48,,,
50999 9 66014 1 9,Kraftwerk,Autobahn,"Kling Klang, Parlophone","LP, Album, Ltd, RE, RM, RP, S/Edition, Blu",,2020,16029375,Uncategorized,12/06/2021 11:06,,,
KOMPAKT CD 50,Klimek,Music To Fall Asleep,Kompakt,"CD, Album",,2006,654207,Uncategorized,12/09/2023 01:27,,,
KOMPAKT CD 69,Various,Pop Ambient 2009,Kompakt,"CD, Comp",,2009,1655668,Uncategorized,12/09/2023 01:07,,,
KOMPAKT CD66,Gas,Nah Und Fern,Kompakt,"CD, Album, RE, RM + CD, Album, RE, RM + CD, Album,",,2008,3678100,Uncategorized,25/12/2019 12:42,,,
KRANK 026,Jessica Bailiff,Even In Silence,Kranky,"CD, Album",,1998,73750,Uncategorized,07/12/2019 22:45,,,
krank 027,Godspeed You Black Emperor!,F♯ A♯ ∞,Kranky,"CD, Album, M/Print, RE, RM",,1998,9550389,Uncategorized,25/12/2019 12:48,,,
KRANK 034,Godspeed You Black Emperor!,Slow Riot For New Zerø Kanada E.P.,Kranky,"CD, EP",,1999,8391236,Uncategorized,07/12/2019 22:38,,,
krank 038,Jessica Bailiff,Hour Of The Trace,Kranky,"CD, Album",,1999,74465,Uncategorized,07/12/2019 22:22,,,
KRANK 097,Jessica Bailiff,Feels Like Home,Kranky,"CD, Album",,2006,735945,Uncategorized,07/12/2019 22:21,,,
KRANK 116,Valet,Naked Acid,Kranky,"CD, Album",,2008,1256732,Uncategorized,28/11/2019 23:31,,,
KRANK 117,Cloudland Canyon,Lie In Light,Kranky,"CD, Album",,2008,1348118,Uncategorized,12/09/2023 01:10,,,
KRANK 125,Windy & Carl,Songs For The Broken Hearted,Kranky,"CD, Album",,2008,1488923,Uncategorized,20/12/2019 10:47,,,
KRANK 177,Grouper,The Man Who Died In His Boat,Kranky,"LP, Album",,2013,4243365,Uncategorized,02/11/2019 11:07,,,
KRANK 211 ,Tim Hecker,Haunt Me Haunt Me Do It Again,Kranky,"2xLP, Album, RE, RM",,2018,12223905,Uncategorized,22/11/2019 16:22,,,
KRANK 212,Tim Hecker,Radio Amor,Kranky,"2xLP, Album, RE, RM",,2018,12223919,Uncategorized,22/11/2019 17:43,,,
krank 233,Grouper,Shade,Kranky,"LP, Album",,2021,20867635,Uncategorized,20/11/2021 03:24,,,
krank024,Windy & Carl,Depths,Kranky,"CD, Album",,1998,73553,Uncategorized,20/12/2019 10:47,,,
krank043,Godspeed You Black Emperor!,Lift Yr. Skinny Fists Like Antennas To Heaven!,Kranky,"2xCD, Album",,2000,4059440,Uncategorized,25/12/2019 12:35,,,
KRANK072,The Dead Texan,The Dead Texan,Kranky,"CD, Album + DVD-V",,2004,321857,Uncategorized,12/09/2023 01:20,,,
krank077,Various,Kompilation,Kranky,"2xCD, Comp",,2004,339481,Uncategorized,07/12/2019 23:22,,,
krank102,Tim Hecker,Harmony In Ultraviolet,Kranky,"CD, Album, Car",,2006,757715,Uncategorized,01/12/2019 00:11,,,
krank128,Pan•American,White Bird Release,Kranky,"CD, Album",,2009,1654938,Uncategorized,01/12/2019 00:21,,,
krank130,Tim Hecker,An Imaginary Country,Kranky,"CD, Album",,2009,1680465,Uncategorized,01/12/2019 00:10,,,
krank154,Tim Hecker,"Ravedeath, 1972",Kranky,"2xLP, Album",,2011,2744777,Uncategorized,22/11/2019 17:47,,,
krank161,Tim Hecker,Dropped Pianos,Kranky,"LP, EP",,2011,3267920,Uncategorized,22/11/2019 17:42,,,
KRANK213,Dedekind Cut,Tahoe,Kranky,"2xLP, Album",,2018,11642339,Uncategorized,02/11/2019 11:22,,,
krank217,Grouper,Grid Of Points,Kranky,"LP, Album",,2018,11896932,Uncategorized,22/11/2019 17:48,,,
KRANK226,Windy & Carl,Allegiance And Conviction,Kranky,"LP, Album",,2020,15009001,Uncategorized,12/05/2020 10:54,,,
"krank 065, krank065",Pan•American,Quiet City,"Kranky, Kranky","CD, Album + DVD-V",,2004,290642,Uncategorized,01/12/2019 00:21,,,
"KRANK100, krank 100",Stars Of The Lid,Stars Of The Lid And Their Refinement Of The Decline,"Kranky, Kranky","2xCD, Album",,2007,940176,Uncategorized,01/12/2019 00:30,,,
"KRANK 219, SUNBLIND 10",Tim Hecker,Konoyo,"Kranky, Sunblind Music","2xLP, Album",,2018,12567577,Uncategorized,23/11/2019 15:51,,,
"KRANK220, SUNBLIND11",Tim Hecker,Anoyo,"Kranky, Sunblind Music","LP, Album",,2019,13614944,Uncategorized,23/11/2019 15:51,,,
krank239,Tim Hecker,No Highs,"Kranky, Sunblind Music","2xLP, Album",,2023,27484458,Uncategorized,17/07/2023 03:32,,,
"KRANK189, GR-014",Grouper,Ruins,"Kranky, Yellow Electric","LP, Album",,2014,6236445,Uncategorized,02/11/2019 11:10,,,
"KRANK223, GR-006A",Grouper,A I A : Dream Loss,"Kranky, Yellow Electric","LP, Album, RE",,2019,14309131,Uncategorized,22/11/2019 17:49,,,
"KRANK224, GR-006B",Grouper,A I A : Alien Observer,"Kranky, Yellow Electric","LP, Album, RE",,2019,14309096,Uncategorized,22/11/2019 17:48,,,
LSINV277LP,Tim Hecker,The North Water (Original Score),"Lakeshore Records, Invada Records UK","LP, Album, 180",,2022,21834514,Uncategorized,28/01/2022 10:31,,,
LAMP003,Jasper TX,I'll Be Long Gone Before My Light Reaches You,Lampse,"CD, Album",,2005,546668,Uncategorized,25/12/2019 12:48,,,
BBCLJ30022,Max Richter,Memoryhouse,Late Junction,"CD, Album",,2002,9098605,Uncategorized,12/09/2023 00:54,,,
LMIVLP,Sarah Davachi,Antiphonals,Late Music,"LP, Album",,2021,20179525,Uncategorized,19/09/2021 12:12,,,
LMIVLPX,Sarah Davachi,Antiphonals,Late Music,"LP, Album, Ltd, Sil",,2021,20183413,Uncategorized,10/09/2021 14:00,,,
LP-DISC-24,Sarah Davachi,Selected Works I,Late Music,"LP, Comp",,2023,28097779,Uncategorized,13/09/2023 00:47,,,
LP-DISC-25,Sarah Davachi,Selected Works II,Late Music,"LP, Comp",,2023,28097899,Uncategorized,13/09/2023 00:47,,,
none,Sarah Davachi,"Cantus, Descant",Late Music,"17xFile, WAV, Album",,2020,15927076,Uncategorized,18/09/2020 11:36,,,
"Late Music V, LMVLP",Sarah Davachi,Two Sisters,"Late Music, Late Music","2xLP, Album, Ltd, Gre",,2022,24443402,Uncategorized,27/09/2022 04:38,,,
"LMICDX, Late Music I, Late Music II, Late Music II",Sarah Davachi,"Cantus, Descant / Figures In Open Air / Laurus","Late Music, Late Music, Late Music, Late Music","5xCD, Album, RE + Box, Comp",,2021,19343128,Uncategorized,05/09/2021 14:10,,,
BAY 121V,Murcof,The Alias Sessions,Leaf,"3x12"", Album, P/Mixed",,2021,18821071,Uncategorized,24/08/2021 17:58,,,
BAY 23VXX,Murcof,Martes + Utopía,Leaf,"3xLP, Comp, RE",,2022,25447978,Uncategorized,06/02/2023 23:15,,,
BAY 31 CD,Colleen,Everyone Alive Wants Answers,Leaf,"CD, Album",,2003,164709,Uncategorized,20/12/2019 10:50,,,
BAY 40CD,Efterklang,Tripper,Leaf,"CD, Album, Ltd + CDr",,2004,339667,Uncategorized,12/09/2023 01:14,,,
BAY 46CD,Phelan Sheppard,Harps Old Master,Leaf,"CD, Album",,2006,803140,Uncategorized,12/09/2023 00:57,,,
BAY 48CD,Colleen,The Golden Morning Breaks,Leaf,"CD, Album, Enh",,2005,6067319,Uncategorized,14/12/2019 17:54,,,
BAY 53CD,Colleen,Colleen Et Les Boîtes À Musique,Leaf,"CD, MiniAlbum, Enh, Dig",,2006,801107,Uncategorized,20/12/2019 10:49,,,
BAY 56CD,Adrian Klumpes,Be Still,Leaf,"CD, Album",,2006,801693,Uncategorized,28/11/2019 23:22,,,
BAY 57CD,Colleen,Les Ondes Silencieuses,Leaf,"CD, Album",,2007,977413,Uncategorized,20/12/2019 10:42,,,
BAY 58CD,Efterklang,Parades,Leaf,"CD, Album",,2007,1229069,Uncategorized,12/09/2023 01:14,,,
BAY 67CD,Murcof,The Versailles Sessions,Leaf,"CD, Album",,2008,1531758,Uncategorized,25/11/2019 00:09,,,
DOCK 44CD,Efterklang,Springer,Leaf,"CD, EP, RE, RM",,2005,431804,Uncategorized,12/09/2023 01:14,,,
DOCK 46CD,Efterklang,Under Giant Trees,Leaf,"CD, MiniAlbum, Ltd, Num",,2007,928971,Uncategorized,12/09/2023 01:14,,,
BAY13CD,Susumu Yokota,Sakura,"Leaf, Skintone","CD, Album",,2000,9778412,Uncategorized,12/09/2023 01:04,,,
LEJ003,Arbol,Dreams Made Of Paper,Lejos Discos,"CD, Album, Enh",,2005,449266,Uncategorized,12/09/2023 01:08,,,
c-dsa 54076,Sylvain Chauveau,Nocturne Impalpable,Les Disques Du Soleil Et De L'Acier,"CD, Album",,2001,258275,Uncategorized,12/09/2023 01:21,,,
LROCK 02 CDS,Electrelane,Blue Straggler,Let's Rock! Records,"CD, Single",,2001,1609275,Uncategorized,07/12/2019 22:39,,,
lidar_1,Jasper TX,A Darkness,Lidar,"CD, Album",,2007,1761450,Uncategorized,25/12/2019 12:40,,,
ly001 ,Caterina Barbieri (2),Spirit Exit,light-years,"2xLP, Ltd, Sil",,2022,23823704,Uncategorized,13/07/2022 07:25,,,
LINE_027,Richard Chartier + Taylor Deupree,Specification.Fifteen,Line,"CD, Album, Ltd",,2006,720554,Uncategorized,07/12/2019 22:17,,,
Line_030,Evelina Domnitch + Dmitry Gelfand + Various,Camera Lucida,Line,"DVD-V, Comp, Ltd, PAL",,2007,972207,Uncategorized,25/12/2019 13:01,,,
LINE_035,Richard Chartier,Further Materials,Line,"CD, Comp, Ltd, RM",,2008,1320277,Uncategorized,07/12/2019 22:08,,,
"LINE_026, 026",Alva Noto,For,"Line, Line","CD, Album, Ltd",,2006,730913,Uncategorized,01/12/2019 00:17,,,
L 62,Josephine Foster And The Supposed,All The Leaves Are Gone,Locust Music,"CD, Album",,2004,680405,Uncategorized,12/09/2023 01:27,,,
828 130-2,Violent Femmes,3,"London Records, Slash","CD, Album",,1988,1959207,Uncategorized,12/09/2023 01:20,,,
ARFF001CD,The Sick Anchors,The Sick Anchors,Lost Dog Recordings,"CD, EP",,2002,594767,Uncategorized,07/12/2019 22:37,,,
6 80899 0097-1-0,"Floating Points, Pharoah Sanders & The London Symphony Orchestra",Promises,Luaka Bop,"LP, Album, RE, S/Edition, Mar",,2021,21200623,Uncategorized,04/12/2021 07:00,,,
LM082LPC,Eli Keszler,Icons,LuckyMe,"2xLP, Album, Ltd, Cle",,2021,19306201,Uncategorized,02/07/2021 06:02,,,
LUMB017,Cindytalk / Philippe Petit,A Question Of Re-Entry,Lumberton Trading Company,"12"", Ltd",,2011,3259786,Uncategorized,22/11/2019 15:29,,,
LUMCD012,Sketchie,Rain by High Lantern,Lumenessence Recordings,"CD, Album",,2004,322926,Uncategorized,12/09/2023 00:53,,,
mada002-2,Esmerine,Aurora,Madrona Records,"CD, Album",,2005,447610,Uncategorized,25/12/2019 12:52,,,
MNT 49CD,Six By Seven,Ten Places To Die / England & A Broken Radio,"Mantra Recordings, MFS (2)","CD, Single",,1999,1287912,Uncategorized,07/12/2019 23:17,,,
OLE 590-2,Matmos,The Civil War,Matador,"CD, Album, Enh, Dig",,2003,1660749,Uncategorized,24/11/2019 18:47,,,
OLE1788LP,Circuit Des Yeux,#NAME?,Matador,"LP, Album",,2021,20685346,Uncategorized,17/12/2021 10:58,,,
"B0000272-52, 946.0102.122 ",Sigur Rós,Untitled #1 (Vaka),"MCA Records, FatCat Records, [PIAS] Recordings, MCA Records, FatCat Records, [PIAS] Recordings","CD, Mini, Bla",,2003,2836618,Uncategorized,07/12/2019 22:51,,,
Mego 054V,"Fennesz, Jim O'Rourke, Peter Rehberg",The Return Of Fenn O'Berg,Mego,"LP, Album",,2002,69692,Uncategorized,22/11/2019 17:47,,,
MRG 255,Arcade Fire,Funeral,Merge Records,"CD, Album, RE",,0,8184880,Uncategorized,07/12/2019 22:50,,,
MIACD003,Greg Haines,Slumber Tides,Miasmah,"CD, Album",,2006,809393,Uncategorized,07/12/2019 23:06,,,
MIACD004,Rafael Anton Irisarri,Daydreaming,Miasmah,"CD, Album",,2007,777884,Uncategorized,25/12/2019 12:49,,,
MIACD007,Jacaszek,Treny,Miasmah,"CD, Album",,2008,1288927,Uncategorized,25/12/2019 12:48,,,
MIACD009,Elegi,Varde,Miasmah,"CD, Album",,2009,1616975,Uncategorized,20/12/2019 10:44,,,
MIACD011,Simon Scott,Navigare,Miasmah,"CD, Album",,2009,1928792,Uncategorized,01/12/2019 00:30,,,
"MIACD008, miacd008",Jasper TX,Black Sleep,"Miasmah, Miasmah","CD, Album",,2008,1382371,Uncategorized,25/12/2019 12:40,,,
MCOSM1017,Ezekiel Honig,Scattered Practices,Microcosm Music,"CD, Album",,2006,885699,Uncategorized,01/12/2019 00:13,,,
MIE #045,Áine O'Dwyer,Gallarais,MIE Music,"LP, Album",,2017,10848810,Uncategorized,22/11/2019 23:00,,,
mode 123,John Cage,The Piano Works 5,Mode,"CD, Album",,2003,1271883,Uncategorized,07/12/2019 22:31,,,
mode 3/6,John Cage,Atlas Eclipticalis With Winter Music,Mode,"3xCD, Album, RE, RM",,2007,1634813,Uncategorized,07/12/2019 22:12,,,
LOVE105CD,Demdike Stare,Wonderland,Modern Love,"CD, Album",,2016,10059556,Uncategorized,07/12/2019 23:03,,,
monika 53,Milenasong,Seven Sisters,Monika Enterprise,"CD, Album",,2007,854036,Uncategorized,12/09/2023 01:16,,,
59,Tied & Tickled Trio,A.R.C.,Morr Music,"DVD-V, PAL + CD + Dig",,2006,16024038,Uncategorized,12/09/2023 01:18,,,
MM053CD,F.S. Blumm,Zweite Meer,Morr Music,"CD, Album, Dig",,2005,409074,Uncategorized,12/09/2023 01:13,,,
none,Colleen,Mort Aux Vaches,Mort Aux Vaches,"CD, Ltd, Num",,2006,628283,Uncategorized,20/12/2019 10:42,,,
MFR079,Fani Konstantinidou,Winter Trilogy / The Big Fall,Moving Furniture Records,"CD, Album, Ltd",,2020,14476968,Uncategorized,27/04/2020 08:23,,,
MFR092,Various,44 x 44 - Orphax Reworked,Moving Furniture Records,"4xCD + Box, Ltd",,2021,19696195,Uncategorized,13/02/2023 10:11,,,
"CHICK017LP, none",Mama Luma,Splendid,"Music Chicken, Wax Records (6), S7","LP, Album, Ltd, Num",,2014,5737141,Uncategorized,25/11/2019 12:34,,,
MOVLP926,BBC Radiophonic Workshop,The Radiophonic Workshop,Music On Vinyl,"LP, Album, RE, 180",,2013,5139216,Uncategorized,31/10/2019 22:38,,,
CDStumm150,Moby,Animal Rights,Mute,"CD, Album",,1996,3716126,Uncategorized,07/12/2019 22:23,,,
CDSTUMM201,Einstürzende Neubauten,Strategies Against Architecture III (1991-2001),Mute,"2xCD, Comp",,2001,378240,Uncategorized,01/04/2023 16:17,,,
LCDMUTEL4,Nick Cave & The Bad Seeds,The Best Of,Mute,"CD, Comp",,1998,9465698,Uncategorized,07/12/2019 22:34,,,
"CDMUTEL11, 0724357861205",Nick Cave & The Bad Seeds,B-Sides & Rarities,"Mute, Mute","3xCD, Comp + Box",,2005,429074,Uncategorized,08/12/2019 15:37,,,
"LCDStumm164, CDstumm164",Nick Cave & The Bad Seeds,No More Shall We Part,"Mute, Mute, Sum Records (2)","2xCD, Album, Ltd",,2001,7951414,Uncategorized,02/08/2020 17:35,,,
CATMD143,SubtractiveLAD,No Man's Land,n5MD,"CD, Album",,2007,888863,Uncategorized,12/09/2023 01:05,,,
CATMD151,Last Days,These Places Are Now Ruins,n5MD,"CD, Album",,2007,1102401,Uncategorized,14/12/2019 17:53,,,
NV 38111,Perry Blake,Broken Statues,Naïve,"CD, Album",,2001,1773827,Uncategorized,07/12/2019 22:04,,,
NV3261-1,Perry Blake,Still Life,Naïve,"CD, Album",,1999,532005,Uncategorized,07/12/2019 22:36,,,
NKD01,Mark Fell & Will Guthrie,Infoldings,NAKID,"LP, Album, Ltd, Cle",,2020,16273520,Uncategorized,03/01/2021 13:20,,,
NKD02,Mark Fell & Will Guthrie,Diffractions,NAKID,"LP, Album, Ltd, Cle",,2020,16342917,Uncategorized,03/01/2021 13:20,,,
"nar 008cd, nar008cd",Lincoln (6),Barcelona,"Narwhal Recordings, Narwhal Recordings","CD, MiniAlbum",,2000,1431856,Uncategorized,02/08/2020 17:35,,,
NA 022 CD,Pauline Oliveros / Stuart Dempster / Panaiotis,Deep Listening,New Albion,"CD, Album",,1989,10143681,Uncategorized,25/12/2019 12:38,,,
NA 109 CD,Threnody Ensemble,Timbre Hollow,New Albion,"CD, Album",,2000,919999,Uncategorized,12/09/2023 00:56,,,
"Nimbus 1147, NS 1147",Horace Tapscott Sextet,Dial 'B' For Barbra,"Nimbus West Records, Nimbus West Records","2xLP, Album, Ltd, RE, RM, 180",,2021,18850477,Uncategorized,19/06/2022 04:55,,,
ZEN CD78,The Cinematic Orchestra,Man With A Movie Camera,Ninja Tune,"CD, Album",,2003,148829,Uncategorized,12/09/2023 01:12,,,
ZENCD114,Skalpel,Konfusion,Ninja Tune,"CD, Album + CD, Comp + MPO",,0,531295,Uncategorized,12/09/2023 01:29,,,
ZENCD96,Rainstick Orchestra,The Floating Glass Key In The Sky,Ninja Tune,"CD, Album",,2004,343409,Uncategorized,12/09/2023 01:28,,,
"ZENCD 121 X, ZENDV 121 X",Amon Tobin,Foley Room,"Ninja Tune, Ninja Tune","CD, Album, Ltd, Gat + DVD-V, PAL",,2007,918558,Uncategorized,12/09/2023 01:09,,,
"ZENCD 87, ZENCD87",Skalpel,Skalpel,"Ninja Tune, Ninja Tune","CD, Album, Enh",,2004,243405,Uncategorized,12/09/2023 01:28,,,
NOQ073-1,Luke Stewart & Jarvis Earnshaw Quartet,Luke Stewart & Jarvis Earnshaw Quartet,No Quarter,LP,,2021,20510095,Uncategorized,01/02/2022 10:53,,,
NBLP121,Jones Jones - Larry Ochs / Mark Dresser / Vladimir Tarasov,A Jones In Time Saves Nine,NoBusiness Records,"LP, Album, Ltd",,2018,13292454,Uncategorized,23/11/2019 18:57,,,
564164-1,Laurie Anderson & Kronos Quartet,Landfall,Nonesuch,"2xLP, Album",,2018,11562717,Uncategorized,03/11/2019 10:59,,,
NON27,The Embassadors,Coptic Dub,Nonplace,"CD, Album, Dig",,2009,2072057,Uncategorized,24/11/2019 18:47,,,
NNF029,Las Vegas Club,Whiskey Flats,Not Not Fun Records,"CDr, Album",,2005,2673731,Uncategorized,25/12/2019 13:09,,,
amina1,Amiina,AnimaminA,Not On Label (Amiina Self-released),"CD, EP",,2005,1467309,Uncategorized,07/12/2019 23:04,,,
AFCD001,Arcade Fire,Arcade Fire,Not On Label (Arcade Fire Self-released),"CD, EP",,2003,415633,Uncategorized,07/12/2019 22:25,,,
SM7993,Blow Up Hollywood,Fake,Not On Label (Blow Up Hollywood Self-released),"CD, Album",,2004,5129431,Uncategorized,07/12/2019 22:33,,,
001 Magaletti Sakini,Valentina Magaletti & Laila Sakini,Cupo,Not On Label (Valentina Magaletti Self-Released),"LP, Album, Ltd, Cle",,2023,26289104,Uncategorized,30/03/2023 11:16,,,
N-043,Mika Vainio + Ryoji Ikeda + Alva Noto,Live 2002,Noton,"LP, Ltd, Num, Whi",,2018,11474152,Uncategorized,22/11/2019 23:21,,,
N-044,Alva Noto + Ryuichi Sakamoto,Glass,Noton,"LP, Album, Cle",,2018,11567322,Uncategorized,23/11/2019 18:56,,,
N-056,Alva Noto,HYbr:ID I,Noton,"CD, Album",,2021,20959651,Uncategorized,19/11/2021 15:12,,,
N-058,Alva Noto,Kinder Der Sonne,Noton,"2xLP, Album",,2023,26972957,Uncategorized,13/09/2023 00:47,,,
OG 532,Blue Notes,Blue Notes For Johnny,Ogun,LP,,1987,594507,Uncategorized,21/07/2022 00:24,,,
OECD 089,Troum & All Sides,Shutûn,Old Europa Cafe,"CD, Album",,2006,858460,Uncategorized,07/12/2019 23:20,,,
TPLP359CD,Björk,Greatest Hits,One Little Indian,"CD, Comp, Gat",,2002,75474,Uncategorized,07/12/2019 22:27,,,
DVD 4,Various,Onedotzero_select dvd 4,Onedotzero,DVD-V,,2005,4874011,Uncategorized,25/12/2019 13:03,,,
"4801356, 00602448013569",Brian Eno,Foreverandevernomore,"Opal Records, UMC","LP, Album, 180",,2022,24817874,Uncategorized,06/02/2023 23:16,,,
"ORGM-2120, FLP40122",The Art Ensemble Of Chicago,Tutankhamun,"ORG Music, Freedom","LP, Album, RE, RM",,2019,13298153,Uncategorized,23/11/2019 15:46,,,
ROKU025,"Black Top (2) Presents: Hamid Drake, Elaine Mitchener, William Parker, Orphy Robinson, Pat Thomas",Some Good News,Otoroku,"2xCD, Album",,2021,17702398,Uncategorized,17/03/2022 13:56,,,
ROKURE005,Blue Notes,Blue Notes For Mongezi,Otoroku,"2xLP, Album, Ltd, RE",,2022,24012134,Uncategorized,12/08/2022 15:21,,,
OTR-007 ,Horace Tapscott With  The Pan-Afrikan Peoples Arkestra,Live At I.U.C.C.,Outernational Sounds,"3xLP, RE, 180",,2019,13406355,Uncategorized,27/12/2020 11:09,,,
OTR-009 ,Horace Tapscott Conducting The Pan-Afrikan Peoples Arkestra,The Call,Outernational Sounds,"LP, Album, P/Unofficial, RE",,2019,13406763,Uncategorized,23/04/2022 10:06,,,
PAL-053,Chris Corsano & Bill Orcutt,Brace Up!,Palilalia Records,"LP, Album",,2018,12724732,Uncategorized,23/11/2019 21:12,,,
PAN 32,Eli Keszler,Catching Net,Pan (3),"2xCD, Album, Promo",,2012,7166340,Uncategorized,28/11/2019 23:26,,,
PAN 87,Puce Mary,The Drought,Pan (3),"LP, Album",,2019,13606414,Uncategorized,23/11/2019 21:18,,,
PAN106,Beatrice Dillon,Workaround,Pan (3),"LP, Ltd, RP, Whi",,2020,16989942,Uncategorized,27/01/2021 07:01,,,
"PAN 53. CD 2015, PAN 53",Oren Ambarchi,Live Knots,"Pan (3), Pan (3)","CD, Album",,2015,6677689,Uncategorized,01/12/2019 00:24,,,
pac 101,Songs: Ohia,Mi Sei Apparso Come Un Fantasma,Paper Cup,"CD, Album",,2001,672948,Uncategorized,12/09/2023 01:01,,,
5.09996E+12,Jónsi,Go,Parlophone,"CD, Album, Exp + DVD, NTSC",,2010,2244929,Uncategorized,07/12/2019 22:54,,,
7243 532767 2 0,Radiohead,Amnesiac,Parlophone,"CD, Album, Ltd, Boo",,2001,835328,Uncategorized,25/12/2019 13:06,,,
7243 8 29626 2 5,Radiohead,The Bends,Parlophone,"CD, Album",,1995,866247,Uncategorized,07/12/2019 22:27,,,
7243 8 55229 2 5,Radiohead,OK Computer,Parlophone,"CD, Album",,1997,492632,Uncategorized,07/12/2019 23:06,,,
P735 5059,Sigur Rós,Valtari Film Experiment,"Parlophone, Krúnk","DVD-V, NTSC, Dig",,2013,4384896,Uncategorized,01/12/2019 00:29,,,
"7243 4 96014 2 0, 496014 2",Sparklehorse,Good Morning Spider,"Parlophone, Parlophone","CD, Album, Dig",,1998,7592284,Uncategorized,07/12/2019 22:34,,,
"7243 5 36616 2 5, CDFHEIT 45104",Radiohead,I Might Be Wrong - Live Recordings,"Parlophone, Parlophone","CD, EP",,2001,6766451,Uncategorized,07/12/2019 22:34,,,
"7243 5 40504 2 8, 540 5042",Coldplay,A Rush Of Blood To The Head,"Parlophone, Parlophone","CD, Album",,2002,5022555,Uncategorized,07/12/2019 23:17,,,
"CDRS 6394, 7243 8 81737 2 8",Radiohead,My Iron Lung E.P.,"Parlophone, Parlophone","CD, EP, CD1",,1994,233600,Uncategorized,07/12/2019 23:21,,,
PP26,Áine O'Dwyer,Gegenschein,Penultimate Press,"LP, Album, RE",,2017,9833644,Uncategorized,22/11/2019 23:01,,,
PP27,Áine O'Dwyer,Locusts,Penultimate Press,"LP, Album, RE",,2017,9833630,Uncategorized,22/11/2019 23:01,,,
"PHLP12, MUT9935-1",DA-AC,Illusion Of Time,"Phantasy Sound, Mute","LP, Album, Ltd, Mag",,2020,14979532,Uncategorized,16/05/2020 21:38,,,
ZIQ091CD,Julian Fane,Special Forces,Planet Mu,"CD, Album",,2004,299876,Uncategorized,12/09/2023 01:19,,,
PRLP2,Drøne,Reversing Into The Future,Pomperipossa Records,"LP, Album, Ltd",,2016,8260451,Uncategorized,22/11/2019 23:03,,,
SPGRM 004,Kali Malone,Living Torch,Portraits GRM,"LP, Album, RP",,2023,26311679,Uncategorized,25/03/2023 11:07,,,
PRE034,Greg Haines,Digressions,Preservation,"CD, Album",,2012,3443287,Uncategorized,07/12/2019 23:15,,,
PRIK060,Daemonia Nymphe,Daemonia Nymphe,Prikosnovénie,"CD, Album",,2002,197822,Uncategorized,12/09/2023 01:07,,,
none,Milan Knížák,Broken Music (Details),Primary Information,"Flexi, 7"", S/Sided, RE",,2018,12705580,Uncategorized,02/06/2021 11:46,,,
PSS001,Jasper TX,In A Cool Monsoon,Pumpkin Seeds In The Sand,"CD, Album",,2007,1131821,Uncategorized,25/12/2019 12:39,,,
QS75CD,Rachel's,Systems/Layers,Quarterstick Records,"CD, Album",,2003,13927017,Uncategorized,12/09/2023 00:56,,,
"Qs35cd, QS35CD",Rachel's,Music For Egon Schiele,"Quarterstick Records, Quarterstick Records","CD, Album",,1996,497900,Uncategorized,12/09/2023 00:54,,,
"Qs55 PROMO CD, Qs55 CD",Rachel's,Selenography,"Quarterstick Records, Quarterstick Records","CD, Album, Promo",,1999,1677736,Uncategorized,12/09/2023 01:23,,,
R-N 103,Alva Noto,Xerrox Vol.2,Raster-Noton,"CD, Album",,2009,1610507,Uncategorized,25/12/2019 12:56,,,
r-n 121,ANBB,Mimikry,Raster-Noton,"CD, Album",,2010,2456089,Uncategorized,01/12/2019 00:16,,,
r-n 50,Alva Noto + Ryuichi Sakamoto,Vrioon,Raster-Noton,"CD, Album",,2002,83299,Uncategorized,01/12/2019 00:17,,,
R-N 65,Alva Noto + Ryuichi Sakamoto,Insen,Raster-Noton,"CD, Album, RP",,2010,3039112,Uncategorized,01/12/2019 00:18,,,
r-n 72,Alva Noto + Ryuichi Sakamoto,revep,Raster-Noton,"CD, EP",,2006,684261,Uncategorized,01/12/2019 00:18,,,
R-N 76,Alva Noto + Ryuichi Sakamoto,Insen Live,Raster-Noton,"DVD-V, NTSC",,2006,834270,Uncategorized,08/12/2019 15:40,,,
R-N 78,Alva Noto,Xerrox Vol.1,Raster-Noton,"CD, Album",,2007,923875,Uncategorized,25/12/2019 12:56,,,
R-N 91,CoH Plays Cosey Fanni Tutti,CoH Plays Cosey,Raster-Noton,"CD, Album",,2008,1293951,Uncategorized,14/12/2019 17:56,,,
r-n 96,Alva Noto + Ryuichi Sakamoto With Ensemble Modern,utp_,Raster-Noton,"DVD, Multichannel, NTSC + CD",,2009,1750447,Uncategorized,23/11/2019 20:24,,,
"R-N 85, r-n 85",CoH,Strings,"Raster-Noton, Raster-Noton","2xCD, Album",,2007,1087612,Uncategorized,25/12/2019 12:57,,,
"R-N 092, RN92, r-n 92",Byetone,Death Of A Typographer,"Raster-Noton, Raster-Noton, Raster-Noton","CD, Album",,2008,1366230,Uncategorized,07/12/2019 22:54,,,
R8,Ian William Craig,A Turn Of Breath,Recital (2),"2xLP, Album, Ltd, Ext",,2018,12220372,Uncategorized,23/11/2019 21:18,,,
Recital Forty Five,Sarah Davachi,Let Night Come On Bells End The Day,Recital (2),"LP, Album, Ltd, RP",,2019,14385238,Uncategorized,22/11/2019 18:08,,,
Recital Seventy,Daniel W. Schmidt And The Berkeley Gamelan Ensemble,Abies Firma,Recital (2),"LP, Album, Ltd + CD, Album, Ltd",,2019,14374553,Uncategorized,22/11/2019 14:04,,,
REC-27,Sébastien Tellier,Sessions,Record Makers,"CD, Album, Dig",,2006,639747,Uncategorized,12/09/2023 00:57,,,
"RSQ011, hush 006",Gravenhurst,Internal Travels,"Red Square, Silent Age","CD, Album, RE",,2002,934894,Uncategorized,12/09/2023 01:29,,,
RER NECKS 12,The Necks,Vertigo,ReR Megacorp,"LP, Album",,2015,7725457,Uncategorized,23/11/2019 18:31,,,
RER NECKS 13,The Necks,Body,ReR Megacorp,"CD, Album",,2018,12383744,Uncategorized,28/11/2019 23:24,,,
RER NECKS 14,The Necks,Three,ReR Megacorp,"CD, Album",,2020,14985529,Uncategorized,27/04/2020 13:32,,,
ReR Necks 8,The Necks,Townsville,ReR Megacorp,"CD, Album",,2007,1223174,Uncategorized,24/11/2019 15:38,,,
ReR NECKS V10,The Necks,Mindset,ReR Megacorp,"LP, Album",,2011,3184577,Uncategorized,23/11/2019 18:55,,,
RESCD012,Port-Royal,Flares,Resonant,"CD, Album",,2005,479154,Uncategorized,01/12/2019 00:27,,,
RESCD013,Blindfold (2),Blindfold,Resonant,"CD, Album",,2005,479148,Uncategorized,07/12/2019 22:56,,,
RESCD014,ÖLVIS,The Blue Sound,Resonant,"CD, Album",,2005,507380,Uncategorized,07/12/2019 23:19,,,
74321670302,Spain,She Haunts My Dreams,Restless Records,"CD, Album",,1999,406876,Uncategorized,23/11/2019 20:22,,,
rwr-1,Various,Remotely Together,Rewire,LP,,2023,26713280,Uncategorized,01/08/2023 14:41,,,
"081227945190, 1451",John Coltrane & Don Cherry,The Avant-Garde,"Rhino Records (2), Atlantic","LP, Mono, RE, 180",,2017,10580547,Uncategorized,26/06/2021 03:43,,,
ROCKACT80CD,Mogwai,Rave Tapes,Rock Action Records,"CD, Album, Dig",,2014,5299855,Uncategorized,01/12/2019 00:35,,,
EDRM414,Tim Hecker,Norberg,Room40,"Minimax, EP",,2007,1129861,Uncategorized,01/12/2019 00:10,,,
EDRM417,Various,Airport Symphony,Room40,"2xCD, Comp",,2007,1106042,Uncategorized,25/12/2019 12:55,,,
RM403,Ben Frost,Steel Wound,Room40,"CD, Album",,2003,198404,Uncategorized,01/12/2019 00:34,,,
RM408,M. Rösner,Alluvial,Room40,"CD, Album",,2005,527558,Uncategorized,07/12/2019 22:24,,,
RM4107,John Chantler,Tomorrow Is Too Late,Room40,LP,,2019,14278356,Uncategorized,08/12/2019 14:54,,,
RM415,Tenniscoats,Totemo Aimasho = とてもあいましょう,Room40,"CD, Album",,2007,1377041,Uncategorized,20/12/2019 10:45,,,
RM416,Greg Davis & Jeph Jerman,Ku,Room40,CD,,2006,982043,Uncategorized,25/11/2019 00:15,,,
RM417,ERIKM ( Luc Ferrari ) & Thomas Lehn,Les Protorhythmiques,Room40,"CD, Album",,2007,1093318,Uncategorized,25/12/2019 12:53,,,
RM419,Janek Schaefer,In The Last Hour,Room40,"CD, Album",,2006,799855,Uncategorized,01/12/2019 00:31,,,
RM422,Ralph Steinbrüchel,Basis,Room40,"CD, Album",,2007,1105996,Uncategorized,01/12/2019 00:29,,,
RM425,Tomasz Bednarczyk,Painting Sky Together,Room40,"CD, Album",,2009,1548641,Uncategorized,07/12/2019 22:43,,,
RM430,Marina Rosenfeld,Plastic Materials,Room40,"CD, Album",,2009,1963018,Uncategorized,01/12/2019 00:27,,,
RM432,Chihei Hatakeyama,Saunter,Room40,"CD, Album",,2009,1767807,Uncategorized,01/12/2019 00:09,,,
RM435,"Tujiko Noriko, Lawrence English & John Chantler",U,Room40,CD,,2008,1500328,Uncategorized,01/12/2019 00:19,,,
RM436,Tenniscoats,Temporacha,Room40,"CD, Album, Ltd",,2009,1677900,Uncategorized,20/12/2019 10:46,,,
RM437,Chris Abrahams,Play Scar,Room40,"CD, Album",,2010,2339182,Uncategorized,25/12/2019 12:50,,,
RM463,John Chantler,Which Way To Leave?,Room40,"LP, Album, Ltd, Cle",,2016,8903971,Uncategorized,22/11/2019 15:25,,,
RM474,Norman Westberg,MRI,Room40,"CD, Album",,2016,8389901,Uncategorized,07/12/2019 22:25,,,
RM481,Norman Westberg,After Vacation,Room40,"LP, Album, Cle",,2018,12249886,Uncategorized,22/11/2019 18:14,,,
RTRADCD223,Antony And The Johnsons,I Am A Bird Now,Rough Trade,"CD, Album, Del",,2005,398081,Uncategorized,07/12/2019 22:46,,,
RTRADCD287,Sun Kil Moon,Tiny Cities,Rough Trade,"CD, Album, Dig",,2005,1590476,Uncategorized,07/12/2019 22:24,,,
RTRADCDX195,Low,A Lifetime Of Temporary Relief - 10 Years Of B-Sides & Rarities,Rough Trade,"3xCD, Comp + DVD-V, D/Sided + Box",,2004,444361,Uncategorized,25/12/2019 12:33,,,
RTRADE-CD031,Hope Sandoval & The Warm Inventions,Bavarian Fruit Bread,Rough Trade,"CD, Album, RP, Dig",,0,529468,Uncategorized,24/11/2019 18:46,,,
RTRADECD061,Low,Trust,Rough Trade,"CD, Album",,2002,721880,Uncategorized,07/12/2019 22:11,,,
"RTRADECD094, Rtradecd094",Alasdair Roberts,Farewell Sorrow,"Rough Trade, Rough Trade","CD, Album",,2003,3538087,Uncategorized,12/09/2023 01:00,,,
RR02PP,Amp,All Of Yesterday Tomorrow,RROOPP,"3xCD, Album, Comp",,2007,1010620,Uncategorized,01/12/2019 00:09,,,
RCD 2005,Biosphere / Deathprod,Nordheim Transformed,Rune Grammofon,"CD, Album",,1998,5796,Uncategorized,07/12/2019 22:00,,,
RCD 2021,Arve Henriksen,Sakuteiki,Rune Grammofon,"CD, Album",,2001,317667,Uncategorized,01/12/2019 00:13,,,
RCD 2032,Various,Money Will Ruin Everything,Rune Grammofon,"2xCD, Comp, Ltd",,2003,223939,Uncategorized,22/11/2019 14:54,,,
RCD 2037,Arve Henriksen,Chiaroscuro,Rune Grammofon,"CD, Album",,2004,377659,Uncategorized,01/12/2019 00:07,,,
RCD 2061,Arve Henriksen,Strjon,Rune Grammofon,"CD, Album",,2007,907872,Uncategorized,01/12/2019 00:14,,,
RCD 2066,Susanna,Sonata Mix Dwarf Cosmos,Rune Grammofon,"CD, Album",,2007,1051438,Uncategorized,20/12/2019 10:42,,,
RCD2001,Supersilent,01-Mar,Rune Grammofon,"3xCD, Album, RE",,2002,164785,Uncategorized,01/12/2019 00:37,,,
RCD2067,Supersilent,8,Rune Grammofon,"CD, Album",,2007,1076512,Uncategorized,20/12/2019 10:44,,,
RCD2092,Supersilent,9,Rune Grammofon,"CD, Album",,2009,1955509,Uncategorized,07/12/2019 22:07,,,
RCD2204,Maja S. K. Ratkje,Sult,Rune Grammofon,"CD, Album",,2019,13293889,Uncategorized,25/12/2019 12:40,,,
RDV 2047,Supersilent,7,Rune Grammofon,"DVD-V, NTSC",,2005,538699,Uncategorized,25/12/2019 13:03,,,
RLP 3197,Fire!,The Hands,Rune Grammofon,"LP, Album",,2018,12019857,Uncategorized,02/11/2019 11:13,,,
RLP3178,Fire!,"She Sleeps, She Sleeps",Rune Grammofon,"LP, Album, RP",,2016,8635140,Uncategorized,02/11/2019 11:25,,,
RLP3204,Maja S. K. Ratkje,Sult,Rune Grammofon,"LP, Album, Ltd, Whi + CD, Album",,2019,13313544,Uncategorized,31/10/2019 23:02,,,
RLP3210,Arve Henriksen,The Timeless Nowhere,Rune Grammofon,"Box, Album, Ltd + 4xLP, Album + 2xCD, Album",,2019,14408234,Uncategorized,22/11/2019 14:54,,,
"RCD 2035, RCD2035",Deathprod,Morals And Dogma,"Rune Grammofon, Rune Grammofon","CD, Album",,2004,267689,Uncategorized,14/12/2019 17:55,,,
"RCD 2057, RCD2057",Susanna And The Magical Orchestra,Melody Mountain,"Rune Grammofon, Rune Grammofon","CD, Album",,2006,756882,Uncategorized,07/12/2019 23:19,,,
"RCD 2070, RCD2070",Box (5),Studio 1,"Rune Grammofon, Rune Grammofon","CD, Album",,2008,1946642,Uncategorized,07/12/2019 22:30,,,
"RCD 2080, RCD2080",Susanna,Flower Of Evil,"Rune Grammofon, Rune Grammofon","CD, Album",,2008,1511542,Uncategorized,25/12/2019 12:36,,,
"RCD2015, RCD 2015",Nils Økland,Straum,"Rune Grammofon, Rune Grammofon","CD, Album",,2000,307933,Uncategorized,20/12/2019 10:48,,,
"RCD2034, RCD 2034",Susanna And The Magical Orchestra,List Of Lights And Buoys,"Rune Grammofon, Rune Grammofon","CD, Album",,2004,335775,Uncategorized,22/11/2019 16:23,,,
"RLP3090, RLP 3090",Susanna And The Magical Orchestra,3,"Rune Grammofon, Rune Grammofon","2xLP, Ltd, 180",,2009,2342991,Uncategorized,06/06/2021 06:38,,,
RHMC 005,Interstellar Funk,Artificial Dancers (Waves Of Synth),Rush Hour (4),"2x12"", Comp",,2020,14942272,Uncategorized,24/07/2020 12:17,,,
FRKWYS14,Tashi Wada With Yoshi Wada And Friends,Nue,Rvng Intl.,"LP, Album, Ltd",,2018,12588270,Uncategorized,22/11/2019 16:24,,,
FRKWYS16,"Ian William Craig, Daniel Lentz",Frkwys Vol. 16: In A Word,RVNG Intl.,LP,,2020,17480437,Uncategorized,21/03/2021 07:46,,,
RVNGNL14,Julia Holter,Ekstasis,Rvng Intl.,"2x12"", Album",,2012,3469484,Uncategorized,22/11/2019 18:00,,,
RVNGNL59,Greg Fox (2),Contact,Rvng Intl.,"LP, Album, Ltd, Blu",,2020,15720807,Uncategorized,18/09/2020 11:37,,,
MNWP 332,Midnight Choir,Amsterdam Stranded,S2 Records,"LP, Album",,1998,2830140,Uncategorized,22/11/2019 18:03,,,
"Sähkö-012CD, Sähkö-020, No: 20, 20",Ø,Kantamoinen,"Sähkö Recordings, Sähkö Recordings, Sähkö Recordings, Sähkö Recordings","CD, Album",,2005,453701,Uncategorized,28/11/2019 23:22,,,
SC76,Songs: Ohia,The Magnolia Electric Co,Secretly Canadian,"CD, Album, Dig",,2003,5678893,Uncategorized,12/09/2023 00:53,,,
sedcd045,Stefano Pilia,The Suncrows Fall And Tree,Sedimental,"CD, Album, Ltd",,2006,956705,Uncategorized,07/12/2019 22:06,,,
SETCD134,Josh Ritter,Golden Age Of Radio,Setanta,"CD, Album",,2003,2115670,Uncategorized,07/12/2019 22:39,,,
SP099,Eli Keszler,Stadium,Shelter Press,"2xLP, Ltd, Cle",,2018,12654487,Uncategorized,22/11/2019 23:29,,,
SP115,Okkyung Lee,Yeo​-​Neun,Shelter Press,"LP, Album",,2020,15281036,Uncategorized,24/04/2021 00:52,,,
SP134,Claire Rousay,Everything Perfect Is Already Here,Shelter Press,"LP, Album, Ltd, Sil",,2022,22997771,Uncategorized,04/05/2022 04:44,,,
STS350CD,Various,Smalltown Supersound Remix Anthology Vol. 1-4 2002-2022,Smalltown Supersound,"4xCD, Comp, Box",,2023,27178851,Uncategorized,01/08/2023 14:41,,,
STS402CD,Deathprod,Sow Your Gold In The White Foliated Earth (A Composition For Ensemble Musikfabrik's Harry Parch Instruments),Smalltown Supersound,CD,,2022,24608687,Uncategorized,08/10/2022 11:02,,,
STSAFJ199LP,Mats Gustafsson & Christian Marclay,Link,Smalltown Supersound,LP,,2019,13511599,Uncategorized,30/08/2020 15:48,,,
STSAFJ200LP,Joe McPhee & Paal Nilssen-Love,Lift Every Voice And Sing,Smalltown Supersound,LP,,2019,13917737,Uncategorized,12/11/2019 21:15,,,
SMTG 5-015,Anduin + Jasper TX,The Bending Of Light,SMTG Limited,"CD, Album",,2009,1792033,Uncategorized,25/11/2019 00:10,,,
SMTG 5-019,Anduin,Abandoned In Sleep,SMTG Limited,"CD, Album",,2009,2034874,Uncategorized,25/11/2019 00:10,,,
SUNCD095-2,A Northern Chorus,Bitter Hands Resign,Sonic Unyon,"CD, Album",,2005,783298,Uncategorized,07/12/2019 23:06,,,
BSW 469461-2,Various,Rock With The Legend,Sony Music Entertainment (Greece) Α.Ε.,"CD, Comp",,1991,3812163,Uncategorized,12/09/2023 01:18,,,
SJR LP265-Record B,Various,Deutsche Elektronische Musik 2 (Experimental German Rock And Electronic Musik 1971-83) (Record B),Soul Jazz Records,"2xLP, Comp",,2013,4334058,Uncategorized,31/10/2019 23:03,,,
SJRLP494-Record B,Various,Deutsche Elektronische Musik 2 (Experimental German Rock And Electronic Musik 1971-83) (Record B),Soul Jazz Records,"2xLP, Comp, RE",,2022,24081428,Uncategorized,12/08/2022 15:13,,,
"CDSOURXF 054, 7243 581947 0 8",Turin Brakes,Ether Song,"Source, Source","CD, Album, Copy Prot. + CD, Enh + S/Edition",,2003,1336072,Uncategorized,02/08/2020 17:34,,,
SUNN46,Oren Ambarchi,Triste,Southern Lord,"CD, Album, RE",,2005,533688,Uncategorized,01/12/2019 00:25,,,
"PAWCD1, 946.0010.020",Mogwai,Rock Action,"Southpaw Recordings, [PIAS] Recordings","CD, Album",,2001,142858,Uncategorized,07/12/2019 22:42,,,
ORBIT 029 CD,Amp,L'Amour Invisible,Space Age Recordings,"CD, Album",,2002,303191,Uncategorized,01/12/2019 00:26,,,
KK: 019,Stephan Mathieu + Taylor Deupree,Transcriptions,Spekk,"CD, Album",,2009,1814969,Uncategorized,25/12/2019 12:55,,,
"SPOON64, 5400863056780",Can,Live In Brighton 1975,"Spoon Records, Mute, Spoon Records, Mute","3xLP, Album, Ltd, Gol",,2021,21189781,Uncategorized,21/09/2022 07:53,,,
VAN  85,Bronnt Industries Kapital,Virtute Et Industria,Static Caravan,"CD, Album, Ltd",,2005,458755,Uncategorized,07/12/2019 22:29,,,
staubgold 83,Pedal (2),Pedal,Staubgold,"CD, Album",,2008,1310408,Uncategorized,12/09/2023 01:24,,,
STRUT266LP,The Sun Ra Arkestra Meets Salah Ragab Plus The Cairo Jazz Band,In Egypt,Strut,"LP, Album, RE, RM",,2022,22816835,Uncategorized,23/04/2022 10:06,,,
STRUT290CD,The Pyramids (3),Aomawa (The 1970s Recordings),Strut,"CD, Album, RE + CD, Album, RE + CD, Album, RE + CD",,2022,24273797,Uncategorized,08/02/2023 04:56,,,
STRUT153LPG,The Sun Ra Arkestra,Swirling,"Strut, Art Yard","2xLP, Album, Ltd, Gol",,2020,16131035,Uncategorized,12/12/2020 10:21,,,
STRUT237LP,Sun Ra,Lanquidity,"Strut, Art Yard, Philly Jazz (3)","LP, Album, RE",,2021,20234446,Uncategorized,24/12/2021 07:06,,,
SOD-115,Sarah Davachi,All My Circles Run,Students Of Decay,"LP, Album",,2017,9723202,Uncategorized,23/11/2019 21:13,,,
SOD96,En (7),Already Gone,Students Of Decay,"LP, Album, Ltd",,2012,3539234,Uncategorized,22/11/2019 18:16,,,
SR 203,Kim Cascone / Scanner,The Crystalline Address,Sub Rosa,"CD, Album",,2002,231358,Uncategorized,25/11/2019 00:14,,,
SR190,Various,An Anthology Of Noise & Electronic Music / First A-Chronology 1921 – 2001,Sub Rosa,"2xCD, Comp, RP",,0,2459487,Uncategorized,25/11/2019 00:18,,,
SR194,Philip Jeck,Host,Sub Rosa,"CD, Album, Enh",,2003,197802,Uncategorized,25/12/2019 12:32,,,
SR301,Novi_sad,Inhumane Humans,Sub Rosa,"CD, Album, Ltd",,2010,2676231,Uncategorized,01/12/2019 00:28,,,
SV097,Steve Reich,Drumming,Superior Viaduct,"2xLP, Album, RE",,2018,12203736,Uncategorized,31/10/2019 23:21,,,
15,Clouwbeck,From Which The River Rises,Sustain-Release,CDr,,2010,2379348,Uncategorized,01/12/2019 00:33,,,
"74 W, TOE-CD-74",John Cale / Tony Conrad / Angus MacLise / La Monte Young / Marian Zazeela,Inside The Dream Syndicate Volume I: Day Of Niagara (1965),"Table Of The Elements, Table Of The Elements","CD, Album",,2000,11859697,Uncategorized,01/12/2019 00:22,,,
"Fm 100, TOE-LP-100",Fennesz,June,"Table Of The Elements, Table Of The Elements","12"", S/Sided, Etch, Ltd, Ora",,2008,1565608,Uncategorized,25/11/2019 12:33,,,
TAL-011,The National,Sad Songs For Dirty Lovers,Talitres Records,"CD, Album",,2003,381150,Uncategorized,07/12/2019 22:35,,,
TAL-031,"Thee, Stranded Horse",Churning Strides,Talitres Records,"CD, Album",,2007,934776,Uncategorized,12/09/2023 01:01,,,
TRR 108,Mono (7) & World's End Girlfriend,Palmless Prayer / Mass Murder Refrain,Temporary Residence Limited,"CD, Album",,2006,775151,Uncategorized,01/12/2019 00:35,,,
TRR043LP,Fridge,Happiness,Temporary Residence Limited,"2xLP, Album, RE",,2023,27208770,Uncategorized,04/06/2023 09:59,,,
trr109,Eluvium,When I Live By The Garden And The Sea,Temporary Residence Limited,"CD, EP",,2006,842568,Uncategorized,12/09/2023 01:12,,,
trr110,Eluvium,Copia,Temporary Residence Limited,"CD, Album",,2007,905414,Uncategorized,12/09/2023 01:02,,,
TRR312,William Basinski & Lawrence English,Selva Oscura,Temporary Residence Limited,"LP, Album",,2018,12672640,Uncategorized,03/11/2019 10:56,,,
TRR342LP,Various,Ultrasonic,Temporary Residence Limited,"2xLP, S/Edition",,2020,15558989,Uncategorized,24/07/2020 12:15,,,
TRR 43,Fridge,Happiness,"Temporary Residence Limited, Brainwashed Recordings","CD, Album",,2001,97282,Uncategorized,07/12/2019 22:02,,,
TRR48,Fridge,EPH Reissue,"Temporary Residence Limited, Brainwashed Recordings","CD, Album, RE + CD, Comp",,2002,66032,Uncategorized,07/12/2019 22:19,,,
AS-11-lp,Getachew Mekuria & The Ex & Guests,Moa Anbessa,Terp Records,"LP, Album, RE",,2009,1951714,Uncategorized,25/11/2019 18:35,,,
TTR006LP,James Blood Ulmer With The Thing (2),Baby Talk (Live At Molde International Jazz Festival 2015),The Thing Records,"LP, Album",,2017,10817292,Uncategorized,02/11/2019 11:16,,,
TTR007LP,The Thing (2),Again,The Thing Records,"LP, Album",,2018,11978980,Uncategorized,02/11/2019 11:15,,,
TWI 2,Jóhann Jóhannsson,Dís,The Worker's Institute,"CD, Album, RE",,2005,1933620,Uncategorized,12/09/2023 01:24,,,
TLR-137,Pelt,Reticence / Resistance,Three Lobed Recordings,"LP, Album, Ltd",,2021,20956099,Uncategorized,12/08/2022 15:19,,,
thrill 133,David Byrne,Lead Us Not Into Temptation - Music From The Film Young Adam,Thrill Jockey,"CD, Album",,2003,2354303,Uncategorized,07/12/2019 22:30,,,
THRILL 147,Radian,Juxtaposition,Thrill Jockey,"CD, Album",,2004,316926,Uncategorized,20/12/2019 10:48,,,
thrill 194,Stefan Németh,Film,Thrill Jockey,"CD, Album",,2008,1195194,Uncategorized,01/12/2019 00:24,,,
THRILL 246,Fennesz • David Daniell • Tony Buck,Knoxville,Thrill Jockey,"CD, Album",,2010,2383918,Uncategorized,25/12/2019 12:46,,,
thrill 311,Evan Caminiti,Dreamless Sleep,Thrill Jockey,"LP, Album",,2012,3819056,Uncategorized,23/11/2019 18:53,,,
thrill 313,Guardian Alien,See The World Given To A One Love Entity,Thrill Jockey,"LP, Album",,2012,3869361,Uncategorized,09/09/2020 11:37,,,
thrill 401,Matmos,Ultimate Care II,Thrill Jockey,"LP, Album",,2016,8165623,Uncategorized,03/11/2019 10:49,,,
thrill 424,Radian,On Dark Silent Off,Thrill Jockey,"LP, Album",,2016,9274175,Uncategorized,23/11/2019 21:27,,,
Thrill 552,Maya Shenfeld,In Free Fall,Thrill Jockey,"LP, Album, Ltd, Cle",,2022,21877864,Uncategorized,08/02/2023 04:55,,,
tippy 007,Tindersticks,The Trojan Horse,Tippy Toe,"CD, EP, Ltd",,2003,1356056,Uncategorized,14/12/2019 17:58,,,
TSQ2134,A Broken Consort,Box Of Birch,Tompkins Square,"CD, Album, RE, RM",,2009,1797040,Uncategorized,07/12/2019 21:59,,,
TSQ2349,A Broken Consort,Crow Autumn,Tompkins Square,"LP, Album, Ltd",,2010,2143779,Uncategorized,23/11/2019 18:52,,,
"TSQ2332, none",A Broken Consort,Crow Autumn,"Tompkins Square, Sustain-Release","CD, Album + CDr, Album, Ltd",,2010,2163193,Uncategorized,01/12/2019 00:34,,,
PURE 162 CD,Electrelane,Axes,Too Pure,"CD, Album",,2005,456081,Uncategorized,07/12/2019 22:26,,,
TO:115V,Fennesz,Agora,Touch,"LP, Album",,2019,13922753,Uncategorized,03/11/2019 10:58,,,
TO:30,Ryoji Ikeda,+/-,Touch,"CD, Album, RP",,2006,1085437,Uncategorized,25/12/2019 12:31,,,
TO:50,Biosphere,Substrata²,Touch,"CD, Album, RM + CD, Album + RE",,0,10325983,Uncategorized,24/11/2019 18:45,,,
TO:53v,Fennesz,Venice,Touch,"2xLP, Album, RE",,2014,6189623,Uncategorized,02/11/2019 11:25,,,
TO:59,Phill Niblock,Touch Food,Touch,"2xCD, Album",,2003,361923,Uncategorized,24/11/2019 15:39,,,
TO:61,Oren Ambarchi,Grapes From The Estate,Touch,"CD, Album",,2004,300016,Uncategorized,01/12/2019 00:25,,,
TO:64,Jóhann Jóhannsson,Virðulegu Forsetar,Touch,"CD, Album + DVD-A, Album, Multichannel",,2004,331187,Uncategorized,12/09/2023 01:27,,,
TO:66CD,Biosphere,Dropsonde,Touch,"CD, Album",,2006,586982,Uncategorized,07/12/2019 22:29,,,
TO:67,Philip Jeck,Sand.,Touch,"CD, Album",,2008,1263335,Uncategorized,25/12/2019 12:33,,,
TO:70,Hildur Guðnadóttir,Without Sinking,Touch,"CD, Album",,2009,7471591,Uncategorized,01/12/2019 00:12,,,
TO:72,Mika Vainio,Aíneen Musta Puhelin = Black Telephone Of Matter,Touch,"CD, Album",,2009,1766205,Uncategorized,28/11/2019 23:26,,,
TO:76,Fennesz,Black Sea,Touch,"CD, Album, Dig",,2008,1496410,Uncategorized,25/12/2019 12:46,,,
TO:78,Oren Ambarchi,In The Pendulum's Embrace,Touch,"CD, Album, Dig",,2007,1034668,Uncategorized,25/11/2019 00:17,,,
TO:79,Phill Niblock,Touch Strings,Touch,"2xCD, Album",,2009,1965301,Uncategorized,24/11/2019 15:38,,,
TO:81,Philip Jeck,An Ark For The Listener,Touch,"CD, Album",,2010,2367315,Uncategorized,25/12/2019 12:31,,,
TO:83V,Oren Ambarchi,Audience Of One,Touch,"2xLP, Album, Ltd",,2012,3793722,Uncategorized,03/11/2019 10:57,,,
Tone 31,Lawrence English,Kiri No Oto,Touch,"CD, Album",,2008,1369671,Uncategorized,24/11/2019 15:40,,,
Tone 32,Fennesz + Sakamoto,Cendre,Touch,"CD, Album",,2007,953777,Uncategorized,25/12/2019 12:52,,,
Tone 34,"Gavin Bryars / Alter Ego (9), Philip Jeck",The Sinking Of The Titanic,Touch,"CD, Album, Ltd",,2007,1132346,Uncategorized,25/12/2019 13:04,,,
Tone 38,Biosphere,"Wireless - Live At The Arnolfini, Bristol",Touch,"CD, Album, Mixed",,2009,1701275,Uncategorized,07/12/2019 22:01,,,
TONE 44V,Fennesz,Seven Stars,Touch,"10""",,2011,2896237,Uncategorized,09/03/2020 15:16,,,
Tone 46,Fennesz + Sakamoto,Flumina,Touch,"2xCD, Album",,2011,3242181,Uncategorized,25/12/2019 12:50,,,
TG246CD,Nina Nastasia,"""Dogs""",Touch And Go,"CD, Album",,2004,541929,Uncategorized,12/09/2023 01:06,,,
TR 147,"Peter Brötzmann, Heather Leigh Murray",Ears Are Filled With Wonder,Trost Records,"LP, Album, RP, gre",,2017,9829034,Uncategorized,03/11/2019 10:52,,,
TR180,Peter Brötzmann / Heather Leigh Murray,Sparrow Nights,Trost Records,"LP, Album",,2018,12672220,Uncategorized,03/11/2019 10:52,,,
TM000,Various,A Selection Of Drones Past: Singles 1993-2000,tUMULt,"2xCD, Comp",,2006,827093,Uncategorized,20/12/2019 15:29,,,
TYPE 005,Goldmund,Corduroy Road,Type,"CD, Album, RP",,0,405425,Uncategorized,01/12/2019 00:13,,,
TYPE 006,Julien Neto,Le Fumeur De Ciel,Type,"CD, Album, Ltd, Dig",,2005,1252709,Uncategorized,07/12/2019 22:42,,,
TYPE 009,Deaf Center,Pale Ravine,Type,"CD, Album, Ltd, Dig",,2005,1159628,Uncategorized,14/12/2019 17:56,,,
TYPE 055,Richard Skelton,Landings,Type,"CD, Album, RE",,2010,2110813,Uncategorized,01/12/2019 00:31,,,
TYPE017,Xela,For Frosty Mornings And Summer Nights,Type,"CD, Album, RE, RM, Dig",,2007,866688,Uncategorized,12/09/2023 00:58,,,
TYPE025,Sylvain Chauveau,The Black Book Of Capitalism,Type,"CD, Album, RE, RM",,2008,1666495,Uncategorized,25/12/2019 12:44,,,
TYPE029,Aaron Martin (2) & Machinefabriek,Cello Recycling | Cello Drowning,Type,"CD, MiniAlbum",,2007,1029405,Uncategorized,01/12/2019 00:36,,,
type033,Svarte Greiner,Kappe,Type,"CD, Album",,2009,1619518,Uncategorized,01/12/2019 00:12,,,
TYPE034,Sylvain Chauveau,Nuage,Type,"CD, Album, Dig",,2007,1142427,Uncategorized,25/12/2019 12:45,,,
TYPE038,Grouper,Dragging A Dead Deer Up A Hill,Type,"CD, Album",,2008,1364732,Uncategorized,07/12/2019 22:14,,,
TYPE050,On (6),Your Naked Ghost Comes Back At Night,Type,"CD, Album, RE",,2009,1865085,Uncategorized,01/12/2019 00:27,,,
TYPE074,Jon Mueller,The Whole,Type,"CD, Album",,2010,2536071,Uncategorized,01/12/2019 00:34,,,
TYPE075,Jefre Cantu-Ledesma,Love Is A Stream,Type,"CD, Album",,2010,2518171,Uncategorized,25/11/2019 00:13,,,
TYPE088,Ezekiel Honig,Folding In On Itself,Type,"CD, Album",,2011,2974204,Uncategorized,01/12/2019 00:13,,,
"TYPE 016, TYPE016",Svarte Greiner,Knive,"Type, Type","CD, Album",,2006,826025,Uncategorized,24/11/2019 15:37,,,
TZ 7264,Death Ambient,Drunken Forest,Tzadik,"CD, Album",,2007,1041407,Uncategorized,20/12/2019 10:45,,,
TZ 7374,John Zorn,Alhambra Love Songs,Tzadik,"CD, Album",,2009,2077170,Uncategorized,28/11/2019 23:30,,,
TZ 8007,Annie Gosfield,Lost Signals And Drifting Satellites,Tzadik,"CD, Album",,2004,894266,Uncategorized,25/12/2019 12:38,,,
800 051-2,Dire Straits,Dire Straits,Vertigo,"CD, Album, RE, Red",,0,5810204,Uncategorized,12/09/2023 01:21,,,
VP 80089,Scott Walker,The Beginning / The Scott Engel Sessions,Vinyl Passion,"LP, Comp, RM, DMM",,2017,10502804,Uncategorized,19/09/2022 04:25,,,
ENO2LP6,Brian Eno,Ambient 1 (Music For Airports),Virgin EMI Records,"2x12"", Album, Ltd, RE, Hal",,2018,12801239,Uncategorized,02/11/2019 11:26,,,
"7243 8 41498 2 6, CDVUS 105",Cracker,The Golden Age,"Virgin, Virgin","CD, Album",,1996,2483658,Uncategorized,07/12/2019 22:33,,,
W25-10,Sarah Davachi,Pale Bloom,W.25th,"LP, Album",,2019,13749452,Uncategorized,31/10/2019 22:56,,,
W25-11,Nivhek,After Its Own Death / Walking In A Spiral Towards The House,W.25TH,LP + LP + Album,,2019,13853154,Uncategorized,03/11/2019 10:58,,,
WG 125,Colored Mushroom And The Medicine Rocks,Colored Mushroom And The Medicine Rocks,Wagon,"LP, Ltd, Col",,2010,2466097,Uncategorized,22/11/2019 23:04,,,
warp lp 329,Autechre,SIGN,Warp Records,"2xLP, Album",,2020,16061701,Uncategorized,12/09/2021 15:16,,,
warp lp 338,Autechre,PLUS,Warp Records,"2xLP, Album",,2020,16240829,Uncategorized,27/12/2020 11:08,,,
WARP LP49R,Autechre,Chiastic Slide,Warp Records,"2xLP, Album, RE",,2021,21019018,Uncategorized,18/11/2021 02:45,,,
WARPCD120,Gravenhurst,Flashlight Seasons,Warp Records,"CD, Album",,2004,310226,Uncategorized,12/09/2023 01:17,,,
WARPCD150,Mira Calix,Eyes Set Against The Sun,Warp Records,"CD, Album",,2007,889319,Uncategorized,01/12/2019 00:12,,,
WARPCD157,Gravenhurst,The Western Lands,Warp Records,"CD, Album",,2007,1065386,Uncategorized,12/09/2023 01:29,,,
warpcd169,Mira Calix,The Elephant In The Room: 3 Commissions,Warp Records,"CD, Album",,2008,1526346,Uncategorized,01/12/2019 00:22,,,
WARPLP25R,Autechre,Amber,Warp Records,"2xLP, Album, RE, RP",,2016,9326781,Uncategorized,02/11/2019 11:14,,,
WARPLP293,Yves Tumor,Safe In The Hands Of Love,Warp Records,"2xLP, Album",,2018,12628574,Uncategorized,25/11/2019 12:30,,,
WARPLP304X,Yves Tumor,Heaven To A Tortured Mind,Warp Records,"LP, Album, Ltd, Sil",,2020,15040025,Uncategorized,26/04/2020 12:32,,,
warpcd123,Boards Of Canada,The Campfire Headphase,"Warp Records, Music70","CD, Album, Dis",,2005,18106816,Uncategorized,12/09/2023 01:20,,,
WV169LPC1,Goldmund,Occasus,Western Vinyl,"LP, Album, Ltd, Whi",,2018,11851640,Uncategorized,22/11/2019 17:41,,,
WV185,Machinefabriek,With Voices,Western Vinyl,"LP, Album, Red",,2019,13073724,Uncategorized,31/10/2019 23:15,,,
XK018,Kali Malone,Velocity Of Sleep,XKatedral,"LP, RE",,2021,20599528,Uncategorized,13/05/2022 05:32,,,
XK019-COL,Tongue Depressor,Burnish,XKatedral,"LP, Album, Gre",,2022,22298974,Uncategorized,01/03/2022 04:18,,,
XL1196LPE,The Smile (5),A Light For Attracting Attention,XL Recordings,"2xLP, Album, Ltd, Yel",,2022,23529293,Uncategorized,16/06/2022 11:58,,,
XL987LPE,Thom Yorke,Anima,XL Recordings,"2x12"", Album, Ltd, Ora",,2019,13888965,Uncategorized,22/11/2019 18:09,,,
"XLLP868, XLLP868X",Radiohead,OK Computer OKNOTOK 1997 2017,"XL Recordings, XL Recordings","3xLP, Album, Ltd, RE, RM, Blu",,2017,10544976,Uncategorized,02/11/2019 11:08,,,
GR-021,Raum (4),Daughter,Yellow Electric,"LP, Ltd + LP, S/Sided + Album",,2022,22631921,Uncategorized,13/11/2022 04:34,,,
yeb-7746,Jun Miyake,Lost Memory Theatre - Act-2,Yellowbird,"CD, Album",,2014,6969394,Uncategorized,07/12/2019 22:56,,,
MIR 100708,Эдуард Артемьев,Solaris - Music From The Motion Picture By Andrey Tarkovsky,Мирумир,"LP, Album",,2013,4837043,Uncategorized,03/11/2019 10:53,,,
MIR100202,John Cage,Cheap Imitation,Мирумир,"LP, Album, RE",,2012,3773128,Uncategorized,31/10/2019 23:16,,,
